{
    "micro_precision": 0.5085470085470085,
    "micro_recall": 0.5265486725663717,
    "micro_f1": 0.5173913043478261,
    "macro_precision": 0.29542500575109265,
    "macro_recall": 0.2693983330747368,
    "macro_f1": 0.2765138651525131,
    "per_tag_metrics": {
        "DIGITALLY-MEDIATED": {
            "precision": 0.8928571428571429,
            "recall": 0.9036144578313253,
            "f1": 0.8982035928143712
        },
        "FORM": {
            "precision": 0.6956521739130435,
            "recall": 0.5925925925925926,
            "f1": 0.6399999999999999
        },
        "CODE-SWITCHING": {
            "precision": 0.5,
            "recall": 0.42857142857142855,
            "f1": 0.4615384615384615
        },
        "GRAMMAR": {
            "precision": 0.35185185185185186,
            "recall": 0.3584905660377358,
            "f1": 0.3551401869158879
        },
        "PUNCTUATION": {
            "precision": 0.3333333333333333,
            "recall": 0.14285714285714285,
            "f1": 0.2
        },
        "LEXIS": {
            "precision": 0.125,
            "recall": 0.14285714285714285,
            "f1": 0.13333333333333333
        },
        "WORD": {
            "precision": 0.05555555555555555,
            "recall": 0.125,
            "f1": 0.07692307692307691
        },
        "AQUARDENS": {
            "precision": 0.0,
            "recall": 0,
            "f1": 0
        },
        "INFELICITIES": {
            "precision": 0.0,
            "recall": 0.0,
            "f1": 0
        },
        "LEXICO-GRAMMAR": {
            "precision": 0.0,
            "recall": 0.0,
            "f1": 0
        }
    },
    "epoch": 2
}