{
    "micro_precision": 0.45023696682464454,
    "micro_recall": 0.42035398230088494,
    "micro_f1": 0.43478260869565216,
    "macro_precision": 0.07179930319465203,
    "macro_recall": 0.09656536878759102,
    "macro_f1": 0.0741193424519081,
    "per_tag_metrics": {
        "DMCC": {
            "precision": 0.813953488372093,
            "recall": 0.8641975308641975,
            "f1": 0.8383233532934131
        },
        "FS": {
            "precision": 0.42424242424242425,
            "recall": 0.5185185185185185,
            "f1": 0.4666666666666667
        },
        "GNN": {
            "precision": 0.2857142857142857,
            "recall": 0.25,
            "f1": 0.26666666666666666
        },
        "QM": {
            "precision": 0.3333333333333333,
            "recall": 0.2,
            "f1": 0.25
        },
        "LSN": {
            "precision": 0.2,
            "recall": 0.2,
            "f1": 0.20000000000000004
        },
        "GPP": {
            "precision": 0.1111111111111111,
            "recall": 1.0,
            "f1": 0.19999999999999998
        },
        "GVT": {
            "precision": 0.18181818181818182,
            "recall": 0.2,
            "f1": 0.1904761904761905
        },
        "GA": {
            "precision": 0.2,
            "recall": 0.16666666666666666,
            "f1": 0.1818181818181818
        },
        "GVAUX": {
            "precision": 0.125,
            "recall": 0.2,
            "f1": 0.15384615384615385
        },
        "LSPR": {
            "precision": 0.125,
            "recall": 0.16666666666666666,
            "f1": 0.14285714285714288
        },
        "GPI": {
            "precision": 0,
            "recall": 0.0,
            "f1": 0
        },
        "GVM": {
            "precision": 0.0,
            "recall": 0.0,
            "f1": 0
        },
        "Z": {
            "precision": 0.0,
            "recall": 0.0,
            "f1": 0
        },
        "LSV": {
            "precision": 0.0,
            "recall": 0.0,
            "f1": 0
        },
        "XADJCO": {
            "precision": 0,
            "recall": 0.0,
            "f1": 0
        },
        "CSINTRA": {
            "precision": 0,
            "recall": 0.0,
            "f1": 0
        },
        "LWCO": {
            "precision": 0.0,
            "recall": 0.0,
            "f1": 0
        },
        "GADVO": {
            "precision": 0.0,
            "recall": 0.0,
            "f1": 0
        },
        "WO": {
            "precision": 0.0,
            "recall": 0.0,
            "f1": 0
        },
        "XVPR": {
            "precision": 0,
            "recall": 0.0,
            "f1": 0
        },
        "GNC": {
            "precision": 0.0,
            "recall": 0.0,
            "f1": 0
        },
        "WR": {
            "precision": 0.0,
            "recall": 0.0,
            "f1": 0
        },
        "CSINTER": {
            "precision": 0.0,
            "recall": 0.0,
            "f1": 0
        },
        "LSADJ": {
            "precision": 0,
            "recall": 0.0,
            "f1": 0
        },
        "GADJO": {
            "precision": 0,
            "recall": 0.0,
            "f1": 0
        },
        "QC": {
            "precision": 0,
            "recall": 0.0,
            "f1": 0
        },
        "XADJPR": {
            "precision": 0,
            "recall": 0.0,
            "f1": 0
        },
        "QR": {
            "precision": 0,
            "recall": 0.0,
            "f1": 0
        },
        "XNUC": {
            "precision": 0,
            "recall": 0.0,
            "f1": 0
        },
        "GVNF": {
            "precision": 0,
            "recall": 0.0,
            "f1": 0
        },
        "GADJCS": {
            "precision": 0.0,
            "recall": 0,
            "f1": 0
        },
        "GDD": {
            "precision": 0,
            "recall": 0.0,
            "f1": 0
        },
        "XVCO": {
            "precision": 0.0,
            "recall": 0.0,
            "f1": 0
        },
        "LSADV": {
            "precision": 0.0,
            "recall": 0.0,
            "f1": 0
        },
        "GPR": {
            "precision": 0.0,
            "recall": 0.0,
            "f1": 0
        },
        "WM": {
            "precision": 0.0,
            "recall": 0.0,
            "f1": 0
        },
        "DMCA": {
            "precision": 0,
            "recall": 0.0,
            "f1": 0
        },
        "LP": {
            "precision": 0.0,
            "recall": 0.0,
            "f1": 0
        },
        "GVN": {
            "precision": 0,
            "recall": 0.0,
            "f1": 0
        }
    },
    "epoch": 0
}