{
    "micro_precision": 0.47577092511013214,
    "micro_recall": 0.4778761061946903,
    "micro_f1": 0.4768211920529801,
    "macro_precision": 0.1611396355582402,
    "macro_recall": 0.16674562159058284,
    "macro_f1": 0.14745530347445532,
    "per_tag_metrics": {
        "DMCC": {
            "precision": 0.8452380952380952,
            "recall": 0.8765432098765432,
            "f1": 0.8606060606060606
        },
        "DMCA": {
            "precision": 1.0,
            "recall": 0.5,
            "f1": 0.6666666666666666
        },
        "GA": {
            "precision": 0.6,
            "recall": 0.75,
            "f1": 0.6666666666666665
        },
        "FS": {
            "precision": 0.5833333333333334,
            "recall": 0.5185185185185185,
            "f1": 0.5490196078431373
        },
        "WM": {
            "precision": 0.3333333333333333,
            "recall": 1.0,
            "f1": 0.5
        },
        "CSINTER": {
            "precision": 0.5,
            "recall": 0.5,
            "f1": 0.5
        },
        "QM": {
            "precision": 0.5,
            "recall": 0.4,
            "f1": 0.4444444444444445
        },
        "GNC": {
            "precision": 0.5,
            "recall": 0.3333333333333333,
            "f1": 0.4
        },
        "GVNF": {
            "precision": 0.3333333333333333,
            "recall": 0.3333333333333333,
            "f1": 0.3333333333333333
        },
        "GVAUX": {
            "precision": 0.5,
            "recall": 0.2,
            "f1": 0.28571428571428575
        },
        "GPP": {
            "precision": 0.14285714285714285,
            "recall": 1.0,
            "f1": 0.25
        },
        "LSN": {
            "precision": 0.25,
            "recall": 0.2,
            "f1": 0.22222222222222224
        },
        "LP": {
            "precision": 0.25,
            "recall": 0.16666666666666666,
            "f1": 0.2
        },
        "LSPR": {
            "precision": 0.25,
            "recall": 0.16666666666666666,
            "f1": 0.2
        },
        "GNN": {
            "precision": 0.25,
            "recall": 0.125,
            "f1": 0.16666666666666666
        },
        "GVT": {
            "precision": 0.09090909090909091,
            "recall": 0.1,
            "f1": 0.09523809523809525
        },
        "LWCO": {
            "precision": 0.0,
            "recall": 0.0,
            "f1": 0
        },
        "XADJCO": {
            "precision": 0,
            "recall": 0.0,
            "f1": 0
        },
        "GADJCS": {
            "precision": 0.0,
            "recall": 0,
            "f1": 0
        },
        "WO": {
            "precision": 0.0,
            "recall": 0.0,
            "f1": 0
        },
        "LSADJ": {
            "precision": 0,
            "recall": 0.0,
            "f1": 0
        },
        "XVPR": {
            "precision": 0.0,
            "recall": 0.0,
            "f1": 0
        },
        "GDT": {
            "precision": 0.0,
            "recall": 0,
            "f1": 0
        },
        "QR": {
            "precision": 0,
            "recall": 0.0,
            "f1": 0
        },
        "GVM": {
            "precision": 0.0,
            "recall": 0.0,
            "f1": 0
        },
        "GADVO": {
            "precision": 0,
            "recall": 0.0,
            "f1": 0
        },
        "XVCO": {
            "precision": 0.0,
            "recall": 0.0,
            "f1": 0
        },
        "LCC": {
            "precision": 0.0,
            "recall": 0,
            "f1": 0
        },
        "GDO": {
            "precision": 0.0,
            "recall": 0,
            "f1": 0
        },
        "QC": {
            "precision": 0.0,
            "recall": 0.0,
            "f1": 0
        },
        "XADJPR": {
            "precision": 0,
            "recall": 0.0,
            "f1": 0
        },
        "LSADV": {
            "precision": 0.0,
            "recall": 0.0,
            "f1": 0
        },
        "QL": {
            "precision": 0.0,
            "recall": 0,
            "f1": 0
        },
        "XNUC": {
            "precision": 0.0,
            "recall": 0.0,
            "f1": 0
        },
        "LSV": {
            "precision": 0.0,
            "recall": 0.0,
            "f1": 0
        },
        "Z": {
            "precision": 0.0,
            "recall": 0.0,
            "f1": 0
        },
        "GVN": {
            "precision": 0.0,
            "recall": 0.0,
            "f1": 0
        },
        "GDD": {
            "precision": 0,
            "recall": 0.0,
            "f1": 0
        },
        "GADJO": {
            "precision": 0,
            "recall": 0.0,
            "f1": 0
        },
        "CSINTRA": {
            "precision": 0.0,
            "recall": 0.0,
            "f1": 0
        },
        "WR": {
            "precision": 0.0,
            "recall": 0.0,
            "f1": 0
        },
        "GPI": {
            "precision": 0.0,
            "recall": 0.0,
            "f1": 0
        },
        "GPR": {
            "precision": 0.0,
            "recall": 0.0,
            "f1": 0
        }
    },
    "epoch": 2
}