{
    "micro_precision": 0.5,
    "micro_recall": 0.5,
    "micro_f1": 0.5,
    "macro_precision": 0.22976410120278046,
    "macro_recall": 0.2270210070590839,
    "macro_f1": 0.22640463703774122,
    "per_tag_metrics": {
        "DIGITALLY-MEDIATED": {
            "precision": 0.7708333333333334,
            "recall": 0.891566265060241,
            "f1": 0.8268156424581005
        },
        "FORM": {
            "precision": 0.65,
            "recall": 0.48148148148148145,
            "f1": 0.553191489361702
        },
        "GRAMMAR": {
            "precision": 0.33962264150943394,
            "recall": 0.33962264150943394,
            "f1": 0.33962264150943394
        },
        "LEXIS": {
            "precision": 0.19230769230769232,
            "recall": 0.17857142857142858,
            "f1": 0.1851851851851852
        },
        "PUNCTUATION": {
            "precision": 0.14285714285714285,
            "recall": 0.14285714285714285,
            "f1": 0.14285714285714285
        },
        "LEXICO-GRAMMAR": {
            "precision": 0.1111111111111111,
            "recall": 0.1111111111111111,
            "f1": 0.1111111111111111
        },
        "WORD": {
            "precision": 0.09090909090909091,
            "recall": 0.125,
            "f1": 0.10526315789473685
        },
        "INFELICITIES": {
            "precision": 0.0,
            "recall": 0.0,
            "f1": 0
        },
        "TYPO": {
            "precision": 0.0,
            "recall": 0,
            "f1": 0
        },
        "CODE-SWITCHING": {
            "precision": 0.0,
            "recall": 0.0,
            "f1": 0
        }
    },
    "epoch": 2
}