{
    "micro_precision": 0.41064638783269963,
    "micro_recall": 0.45,
    "micro_f1": 0.42942345924453285,
    "macro_precision": 0.28167729930887825,
    "macro_recall": 0.21225406777130917,
    "macro_f1": 0.22214415820973202,
    "per_tag_metrics": {
        "DIGITALLY-MEDIATED": {
            "precision": 0.7474747474747475,
            "recall": 0.8809523809523809,
            "f1": 0.8087431693989071
        },
        "CODE-SWITCHING": {
            "precision": 1.0,
            "recall": 0.3333333333333333,
            "f1": 0.5
        },
        "FORM": {
            "precision": 0.43333333333333335,
            "recall": 0.43333333333333335,
            "f1": 0.43333333333333335
        },
        "GRAMMAR": {
            "precision": 0.25,
            "recall": 0.29310344827586204,
            "f1": 0.2698412698412698
        },
        "PUNCTUATION": {
            "precision": 0.3333333333333333,
            "recall": 0.09090909090909091,
            "f1": 0.14285714285714288
        },
        "LEXIS": {
            "precision": 0.05263157894736842,
            "recall": 0.09090909090909091,
            "f1": 0.06666666666666667
        },
        "INFELICITIES": {
            "precision": 0.0,
            "recall": 0.0,
            "f1": 0
        },
        "WORD": {
            "precision": 0.0,
            "recall": 0.0,
            "f1": 0
        },
        "RIO": {
            "precision": 0.0,
            "recall": 0,
            "f1": 0
        },
        "LEXICO-GRAMMAR": {
            "precision": 0.0,
            "recall": 0.0,
            "f1": 0
        }
    },
    "epoch": 1
}