{
    "micro_precision": 0.41338582677165353,
    "micro_recall": 0.430327868852459,
    "micro_f1": 0.42168674698795183,
    "macro_precision": 0.1880537742422308,
    "macro_recall": 0.20680932694890822,
    "macro_f1": 0.19011565238763095,
    "per_tag_metrics": {
        "DIGITALLY-MEDIATED": {
            "precision": 0.7575757575757576,
            "recall": 0.8823529411764706,
            "f1": 0.8152173913043479
        },
        "PUNCTUATION": {
            "precision": 0.3333333333333333,
            "recall": 0.375,
            "f1": 0.35294117647058826
        },
        "FORM": {
            "precision": 0.4,
            "recall": 0.23076923076923078,
            "f1": 0.29268292682926833
        },
        "GRAMMAR": {
            "precision": 0.22413793103448276,
            "recall": 0.22033898305084745,
            "f1": 0.22222222222222224
        },
        "LEXICO-GRAMMAR": {
            "precision": 0.11764705882352941,
            "recall": 0.3333333333333333,
            "f1": 0.1739130434782609
        },
        "WORD": {
            "precision": 0.13333333333333333,
            "recall": 0.125,
            "f1": 0.12903225806451615
        },
        "LEXIS": {
            "precision": 0.10256410256410256,
            "recall": 0.10810810810810811,
            "f1": 0.10526315789473684
        },
        "GRAMMARDVO": {
            "precision": 0,
            "recall": 0.0,
            "f1": 0
        },
        "CODE-SWITCHING": {
            "precision": 0,
            "recall": 0.0,
            "f1": 0
        },
        "INFELICITIES": {
            "precision": 0.0,
            "recall": 0.0,
            "f1": 0
        },
        "GRAMMARDJCS": {
            "precision": 0,
            "recall": 0.0,
            "f1": 0
        }
    },
    "epoch": 2
}