{
    "micro_precision": 0.37333333333333335,
    "micro_recall": 0.3902439024390244,
    "micro_f1": 0.3816013628620102,
    "macro_precision": 0.11515247125481332,
    "macro_recall": 0.10550316004299182,
    "macro_f1": 0.10497475010718885,
    "per_tag_metrics": {
        "DMCC": {
            "precision": 0.7701149425287356,
            "recall": 0.7790697674418605,
            "f1": 0.7745664739884394
        },
        "GVN": {
            "precision": 0.75,
            "recall": 0.75,
            "f1": 0.75
        },
        "FS": {
            "precision": 0.6052631578947368,
            "recall": 0.575,
            "f1": 0.5897435897435896
        },
        "WM": {
            "precision": 0.5,
            "recall": 0.6666666666666666,
            "f1": 0.5714285714285715
        },
        "GVNF": {
            "precision": 1.0,
            "recall": 0.3333333333333333,
            "f1": 0.5
        },
        "GVAUX": {
            "precision": 0.5714285714285714,
            "recall": 0.4,
            "f1": 0.47058823529411764
        },
        "LSV": {
            "precision": 0.3333333333333333,
            "recall": 0.3333333333333333,
            "f1": 0.3333333333333333
        },
        "GPP": {
            "precision": 0.25,
            "recall": 0.16666666666666666,
            "f1": 0.2
        },
        "GA": {
            "precision": 0.16666666666666666,
            "recall": 0.23076923076923078,
            "f1": 0.1935483870967742
        },
        "LSPR": {
            "precision": 0.17647058823529413,
            "recall": 0.21428571428571427,
            "f1": 0.1935483870967742
        },
        "QM": {
            "precision": 0.16666666666666666,
            "recall": 0.2,
            "f1": 0.1818181818181818
        },
        "GNN": {
            "precision": 0.06666666666666667,
            "recall": 0.16666666666666666,
            "f1": 0.09523809523809522
        },
        "GVT": {
            "precision": 0.05555555555555555,
            "recall": 0.14285714285714285,
            "f1": 0.08
        },
        "LSADJ": {
            "precision": 0.0,
            "recall": 0.0,
            "f1": 0
        },
        "GWC": {
            "precision": 0.0,
            "recall": 0.0,
            "f1": 0
        },
        "GADJCS": {
            "precision": 0.0,
            "recall": 0.0,
            "f1": 0
        },
        "DMCA": {
            "precision": 0,
            "recall": 0.0,
            "f1": 0
        },
        "XNPR": {
            "precision": 0,
            "recall": 0.0,
            "f1": 0
        },
        "FM": {
            "precision": 0,
            "recall": 0.0,
            "f1": 0
        },
        "XADJPR": {
            "precision": 0,
            "recall": 0.0,
            "f1": 0
        },
        "GVM": {
            "precision": 0.0,
            "recall": 0.0,
            "f1": 0
        },
        "XNCO": {
            "precision": 0.0,
            "recall": 0,
            "f1": 0
        },
        "WR": {
            "precision": 0.0,
            "recall": 0.0,
            "f1": 0
        },
        "GDD": {
            "precision": 0,
            "recall": 0.0,
            "f1": 0
        },
        "XADJCO": {
            "precision": 0.0,
            "recall": 0,
            "f1": 0
        },
        "GDT": {
            "precision": 0.0,
            "recall": 0.0,
            "f1": 0
        },
        "XNUC": {
            "precision": 0.0,
            "recall": 0.0,
            "f1": 0
        },
        "QC": {
            "precision": 0,
            "recall": 0.0,
            "f1": 0
        },
        "QR": {
            "precision": 0.0,
            "recall": 0,
            "f1": 0
        },
        "CSINTER": {
            "precision": 0,
            "recall": 0.0,
            "f1": 0
        },
        "XVCO": {
            "precision": 0.0,
            "recall": 0.0,
            "f1": 0
        },
        "GPR": {
            "precision": 0.0,
            "recall": 0.0,
            "f1": 0
        },
        "LP": {
            "precision": 0,
            "recall": 0.0,
            "f1": 0
        },
        "WO": {
            "precision": 0.0,
            "recall": 0.0,
            "f1": 0
        },
        "GADJ": {
            "precision": 0.0,
            "recall": 0,
            "f1": 0
        },
        "GPD": {
            "precision": 0,
            "recall": 0.0,
            "f1": 0
        },
        "GPI": {
            "precision": 0.0,
            "recall": 0,
            "f1": 0
        },
        "LSN": {
            "precision": 0.0,
            "recall": 0.0,
            "f1": 0
        },
        "GNC": {
            "precision": 0.0,
            "recall": 0.0,
            "f1": 0
        },
        "LSADV": {
            "precision": 0.0,
            "recall": 0.0,
            "f1": 0
        },
        "Z": {
            "precision": 0.0,
            "recall": 0.0,
            "f1": 0
        },
        "CSINTRA": {
            "precision": 0.0,
            "recall": 0.0,
            "f1": 0
        },
        "LWCO": {
            "precision": 0.0,
            "recall": 0.0,
            "f1": 0
        },
        "GADVO": {
            "precision": 0,
            "recall": 0.0,
            "f1": 0
        },
        "GDO": {
            "precision": 0,
            "recall": 0.0,
            "f1": 0
        },
        "XVPR": {
            "precision": 0.0,
            "recall": 0.0,
            "f1": 0
        },
        "GDI": {
            "precision": 0.0,
            "recall": 0.0,
            "f1": 0
        }
    },
    "epoch": 1
}