{
    "micro_precision": 0.3890675241157556,
    "micro_recall": 0.42160278745644597,
    "micro_f1": 0.40468227424749165,
    "macro_precision": 0.16223356508682596,
    "macro_recall": 0.17227309727309728,
    "macro_f1": 0.16618019134352333,
    "per_tag_metrics": {
        "DIGITALLY-MEDIATED": {
            "precision": 0.6875,
            "recall": 0.7333333333333333,
            "f1": 0.7096774193548386
        },
        "FORM": {
            "precision": 0.6216216216216216,
            "recall": 0.5476190476190477,
            "f1": 0.5822784810126581
        },
        "GRAMMAR": {
            "precision": 0.30434782608695654,
            "recall": 0.3333333333333333,
            "f1": 0.31818181818181823
        },
        "LEXIS": {
            "precision": 0.16666666666666666,
            "recall": 0.23076923076923078,
            "f1": 0.1935483870967742
        },
        "PUNCTUATION": {
            "precision": 0.16666666666666666,
            "recall": 0.2222222222222222,
            "f1": 0.1904761904761905
        },
        "CODIFYING": {
            "precision": 0.0,
            "recall": 0,
            "f1": 0
        },
        "GRAMMARDVO": {
            "precision": 0,
            "recall": 0.0,
            "f1": 0
        },
        "LEXICO-GRAMMAR": {
            "precision": 0.0,
            "recall": 0.0,
            "f1": 0
        },
        "GRAMMARDJCS": {
            "precision": 0,
            "recall": 0.0,
            "f1": 0
        },
        "WORD": {
            "precision": 0.0,
            "recall": 0.0,
            "f1": 0
        },
        "INFELICITIES": {
            "precision": 0.0,
            "recall": 0.0,
            "f1": 0
        },
        "CODE-SWITCHING": {
            "precision": 0.0,
            "recall": 0.0,
            "f1": 0
        }
    },
    "epoch": 2
}