{
    "micro_precision": 0.42346938775510207,
    "micro_recall": 0.3401639344262295,
    "micro_f1": 0.37727272727272726,
    "macro_precision": 0.1981699240396832,
    "macro_recall": 0.15284894623129916,
    "macro_f1": 0.16792704737717526,
    "per_tag_metrics": {
        "DIGITALLY-MEDIATED": {
            "precision": 0.7631578947368421,
            "recall": 0.6823529411764706,
            "f1": 0.7204968944099379
        },
        "FORM": {
            "precision": 0.35714285714285715,
            "recall": 0.19230769230769232,
            "f1": 0.25
        },
        "GRAMMAR": {
            "precision": 0.2033898305084746,
            "recall": 0.2,
            "f1": 0.20168067226890757
        },
        "PUNCTUATION": {
            "precision": 0.3333333333333333,
            "recall": 0.125,
            "f1": 0.18181818181818182
        },
        "LEXIS": {
            "precision": 0.18181818181818182,
            "recall": 0.16216216216216217,
            "f1": 0.17142857142857143
        },
        "LEXICO-GRAMMAR": {
            "precision": 0.14285714285714285,
            "recall": 0.16666666666666666,
            "f1": 0.15384615384615383
        },
        "INFELICITIES": {
            "precision": 0.0,
            "recall": 0.0,
            "f1": 0
        },
        "GRAMMARDVO": {
            "precision": 0,
            "recall": 0.0,
            "f1": 0
        },
        "WORD": {
            "precision": 0.0,
            "recall": 0.0,
            "f1": 0
        },
        "CODE-SWITCHING": {
            "precision": 0,
            "recall": 0.0,
            "f1": 0
        }
    },
    "epoch": 2
}