{
    "micro_precision": 0.47085201793721976,
    "micro_recall": 0.4375,
    "micro_f1": 0.45356371490280784,
    "macro_precision": 0.21841799940273093,
    "macro_recall": 0.20389942114080042,
    "macro_f1": 0.20798315115519894,
    "per_tag_metrics": {
        "DIGITALLY-MEDIATED": {
            "precision": 0.8275862068965517,
            "recall": 0.8571428571428571,
            "f1": 0.8421052631578947
        },
        "FORM": {
            "precision": 0.44,
            "recall": 0.36666666666666664,
            "f1": 0.4
        },
        "GRAMMAR": {
            "precision": 0.2537313432835821,
            "recall": 0.29310344827586204,
            "f1": 0.272
        },
        "PUNCTUATION": {
            "precision": 0.3333333333333333,
            "recall": 0.18181818181818182,
            "f1": 0.23529411764705885
        },
        "LEXIS": {
            "precision": 0.1111111111111111,
            "recall": 0.13636363636363635,
            "f1": 0.12244897959183673
        },
        "WORD": {
            "precision": 0.0,
            "recall": 0.0,
            "f1": 0
        },
        "CODE-SWITCHING": {
            "precision": 0,
            "recall": 0.0,
            "f1": 0
        },
        "LEXICO-GRAMMAR": {
            "precision": 0.0,
            "recall": 0.0,
            "f1": 0
        },
        "INFELICITIES": {
            "precision": 0.0,
            "recall": 0.0,
            "f1": 0
        }
    },
    "epoch": 1
}