{
    "micro_precision": 0.475,
    "micro_recall": 0.44932432432432434,
    "micro_f1": 0.4618055555555555,
    "macro_precision": 0.23674158745035034,
    "macro_recall": 0.21566616077091502,
    "macro_f1": 0.22392349095198485,
    "per_tag_metrics": {
        "DIGITALLY-MEDIATED": {
            "precision": 0.8865979381443299,
            "recall": 0.8269230769230769,
            "f1": 0.8557213930348259
        },
        "FORM": {
            "precision": 0.40625,
            "recall": 0.38235294117647056,
            "f1": 0.393939393939394
        },
        "CODE-SWITCHING": {
            "precision": 0.4,
            "recall": 0.3333333333333333,
            "f1": 0.3636363636363636
        },
        "WORD": {
            "precision": 0.4375,
            "recall": 0.2916666666666667,
            "f1": 0.35000000000000003
        },
        "GRAMMAR": {
            "precision": 0.2714285714285714,
            "recall": 0.2602739726027397,
            "f1": 0.26573426573426573
        },
        "LEXIS": {
            "precision": 0.11904761904761904,
            "recall": 0.16666666666666666,
            "f1": 0.1388888888888889
        },
        "LEXICO-GRAMMAR": {
            "precision": 0.08333333333333333,
            "recall": 0.1111111111111111,
            "f1": 0.09523809523809525
        },
        "BILEXIS": {
            "precision": 0.0,
            "recall": 0,
            "f1": 0
        },
        "INFELICITIES": {
            "precision": 0.0,
            "recall": 0.0,
            "f1": 0
        },
        "SENTENCE": {
            "precision": 0.0,
            "recall": 0,
            "f1": 0
        },
        "PUNCTUATION": {
            "precision": 0.0,
            "recall": 0.0,
            "f1": 0
        }
    },
    "epoch": 1
}