{
    "micro_precision": 0.4829059829059829,
    "micro_recall": 0.39372822299651566,
    "micro_f1": 0.43378119001919385,
    "macro_precision": 0.18468129035651817,
    "macro_recall": 0.16843063186813184,
    "macro_f1": 0.17572360018820998,
    "per_tag_metrics": {
        "DIGITALLY-MEDIATED": {
            "precision": 0.8214285714285714,
            "recall": 0.7666666666666667,
            "f1": 0.793103448275862
        },
        "FORM": {
            "precision": 0.6470588235294118,
            "recall": 0.5238095238095238,
            "f1": 0.5789473684210527
        },
        "GRAMMAR": {
            "precision": 0.23943661971830985,
            "recall": 0.265625,
            "f1": 0.2518518518518518
        },
        "LEXIS": {
            "precision": 0.1388888888888889,
            "recall": 0.1282051282051282,
            "f1": 0.13333333333333333
        },
        "INFELICITIES": {
            "precision": 0.0,
            "recall": 0.0,
            "f1": 0
        },
        "WORD": {
            "precision": 0.0,
            "recall": 0.0,
            "f1": 0
        },
        "CODE-SWITCHING": {
            "precision": 0,
            "recall": 0.0,
            "f1": 0
        },
        "GRAMMARDJCS": {
            "precision": 0,
            "recall": 0.0,
            "f1": 0
        },
        "PUNCTUATION": {
            "precision": 0.0,
            "recall": 0.0,
            "f1": 0
        },
        "LEXICO-GRAMMAR": {
            "precision": 0.0,
            "recall": 0.0,
            "f1": 0
        }
    },
    "epoch": 2
}