{
    "micro_precision": 0.3576923076923077,
    "micro_recall": 0.3875,
    "micro_f1": 0.372,
    "macro_precision": 0.08203156005227351,
    "macro_recall": 0.08869569185834246,
    "macro_f1": 0.07854500113272044,
    "per_tag_metrics": {
        "DMCC": {
            "precision": 0.8607594936708861,
            "recall": 0.8192771084337349,
            "f1": 0.8395061728395061
        },
        "FS": {
            "precision": 0.5454545454545454,
            "recall": 0.4,
            "f1": 0.4615384615384615
        },
        "GVNF": {
            "precision": 0.3333333333333333,
            "recall": 0.5,
            "f1": 0.4
        },
        "QM": {
            "precision": 0.6666666666666666,
            "recall": 0.2222222222222222,
            "f1": 0.3333333333333333
        },
        "WM": {
            "precision": 0.25,
            "recall": 0.5,
            "f1": 0.3333333333333333
        },
        "LSV": {
            "precision": 0.25,
            "recall": 0.4,
            "f1": 0.3076923076923077
        },
        "GNN": {
            "precision": 0.2222222222222222,
            "recall": 0.2,
            "f1": 0.2105263157894737
        },
        "GPP": {
            "precision": 0.14285714285714285,
            "recall": 0.4,
            "f1": 0.21052631578947364
        },
        "WR": {
            "precision": 0.1,
            "recall": 0.25,
            "f1": 0.14285714285714288
        },
        "GVT": {
            "precision": 0.16666666666666666,
            "recall": 0.1111111111111111,
            "f1": 0.13333333333333333
        },
        "GA": {
            "precision": 0.07142857142857142,
            "recall": 0.1,
            "f1": 0.08333333333333333
        },
        "WO": {
            "precision": 0.0,
            "recall": 0.0,
            "f1": 0
        },
        "GPI": {
            "precision": 0.0,
            "recall": 0,
            "f1": 0
        },
        "CSINTRA": {
            "precision": 0,
            "recall": 0.0,
            "f1": 0
        },
        "GWC": {
            "precision": 0.0,
            "recall": 0.0,
            "f1": 0
        },
        "WOW": {
            "precision": 0.0,
            "recall": 0,
            "f1": 0
        },
        "GADVO": {
            "precision": 0.0,
            "recall": 0.0,
            "f1": 0
        },
        "GDO": {
            "precision": 0,
            "recall": 0.0,
            "f1": 0
        },
        "GVN": {
            "precision": 0.0,
            "recall": 0.0,
            "f1": 0
        },
        "QC": {
            "precision": 0.0,
            "recall": 0.0,
            "f1": 0
        },
        "LP": {
            "precision": 0.0,
            "recall": 0.0,
            "f1": 0
        },
        "GPR": {
            "precision": 0.0,
            "recall": 0.0,
            "f1": 0
        },
        "GDD": {
            "precision": 0,
            "recall": 0.0,
            "f1": 0
        },
        "LCS": {
            "precision": 0,
            "recall": 0.0,
            "f1": 0
        },
        "LSADJ": {
            "precision": 0.0,
            "recall": 0,
            "f1": 0
        },
        "GNC": {
            "precision": 0.0,
            "recall": 0.0,
            "f1": 0
        },
        "Z": {
            "precision": 0.0,
            "recall": 0.0,
            "f1": 0
        },
        "LSPR": {
            "precision": 0.0,
            "recall": 0.0,
            "f1": 0
        },
        "XNPR": {
            "precision": 0.0,
            "recall": 0,
            "f1": 0
        },
        "GADJO": {
            "precision": 0,
            "recall": 0.0,
            "f1": 0
        },
        "XVPR": {
            "precision": 0.0,
            "recall": 0.0,
            "f1": 0
        },
        "QR": {
            "precision": 0.0,
            "recall": 0.0,
            "f1": 0
        },
        "FM": {
            "precision": 0.0,
            "recall": 0,
            "f1": 0
        },
        "LSADV": {
            "precision": 0.0,
            "recall": 0.0,
            "f1": 0
        },
        "XADJPR": {
            "precision": 0,
            "recall": 0.0,
            "f1": 0
        },
        "GVAUX": {
            "precision": 0.0,
            "recall": 0.0,
            "f1": 0
        },
        "DMCA": {
            "precision": 0,
            "recall": 0.0,
            "f1": 0
        },
        "LSN": {
            "precision": 0.0,
            "recall": 0.0,
            "f1": 0
        },
        "XVCO": {
            "precision": 0.0,
            "recall": 0.0,
            "f1": 0
        },
        "GDI": {
            "precision": 0.0,
            "recall": 0,
            "f1": 0
        },
        "GPF": {
            "precision": 0,
            "recall": 0.0,
            "f1": 0
        },
        "GDT": {
            "precision": 0,
            "recall": 0.0,
            "f1": 0
        },
        "XNUC": {
            "precision": 0.0,
            "recall": 0,
            "f1": 0
        },
        "LWCO": {
            "precision": 0.0,
            "recall": 0.0,
            "f1": 0
        }
    },
    "epoch": 2
}