{
    "micro_precision": 0.4225352112676056,
    "micro_recall": 0.28213166144200624,
    "micro_f1": 0.3383458646616541,
    "macro_precision": 0.14342530229627004,
    "macro_recall": 0.14059661224609676,
    "macro_f1": 0.139607274797743,
    "per_tag_metrics": {
        "DIGITALLY-MEDIATED": {
            "precision": 0.6571428571428571,
            "recall": 0.711340206185567,
            "f1": 0.6831683168316831
        },
        "FORM": {
            "precision": 0.3548387096774194,
            "recall": 0.39285714285714285,
            "f1": 0.3728813559322034
        },
        "LEXIS": {
            "precision": 0.125,
            "recall": 0.09523809523809523,
            "f1": 0.1081081081081081
        },
        "GRAMMAR": {
            "precision": 0.15384615384615385,
            "recall": 0.06593406593406594,
            "f1": 0.09230769230769231
        },
        "PUNCTUATION": {
            "precision": 0.0,
            "recall": 0.0,
            "f1": 0
        },
        "LEXICO-GRAMMAR": {
            "precision": 0.0,
            "recall": 0.0,
            "f1": 0
        },
        "WORD": {
            "precision": 0.0,
            "recall": 0.0,
            "f1": 0
        },
        "INFELICITIES": {
            "precision": 0,
            "recall": 0.0,
            "f1": 0
        },
        "CODE-SWITCHING": {
            "precision": 0,
            "recall": 0.0,
            "f1": 0
        }
    },
    "epoch": 1
}