{
    "micro_precision": 0.41796875,
    "micro_recall": 0.4385245901639344,
    "micro_f1": 0.428,
    "macro_precision": 0.21766161486542324,
    "macro_recall": 0.2183127678641138,
    "macro_f1": 0.20342773224577623,
    "per_tag_metrics": {
        "DIGITALLY-MEDIATED": {
            "precision": 0.6893203883495146,
            "recall": 0.8352941176470589,
            "f1": 0.7553191489361702
        },
        "FORM": {
            "precision": 0.7,
            "recall": 0.2692307692307692,
            "f1": 0.3888888888888889
        },
        "PUNCTUATION": {
            "precision": 0.2727272727272727,
            "recall": 0.375,
            "f1": 0.3157894736842105
        },
        "GRAMMAR": {
            "precision": 0.24074074074074073,
            "recall": 0.22033898305084745,
            "f1": 0.23008849557522124
        },
        "LEXIS": {
            "precision": 0.19148936170212766,
            "recall": 0.24324324324324326,
            "f1": 0.21428571428571427
        },
        "LEXICO-GRAMMAR": {
            "precision": 0.13333333333333333,
            "recall": 0.3333333333333333,
            "f1": 0.19047619047619044
        },
        "WORD": {
            "precision": 0.16666666666666666,
            "recall": 0.125,
            "f1": 0.14285714285714288
        },
        "CODE-SWITCHING": {
            "precision": 0.0,
            "recall": 0.0,
            "f1": 0
        },
        "GRAMMARDVO": {
            "precision": 0,
            "recall": 0.0,
            "f1": 0
        },
        "GRAMMARDJCS": {
            "precision": 0,
            "recall": 0.0,
            "f1": 0
        },
        "INFELICITIES": {
            "precision": 0.0,
            "recall": 0.0,
            "f1": 0
        }
    },
    "epoch": 1
}