{
    "micro_precision": 0.3971119133574007,
    "micro_recall": 0.3832752613240418,
    "micro_f1": 0.39007092198581556,
    "macro_precision": 0.0579007719719794,
    "macro_recall": 0.06734299722671815,
    "macro_f1": 0.06165572060374014,
    "per_tag_metrics": {
        "DMCC": {
            "precision": 0.6761904761904762,
            "recall": 0.8255813953488372,
            "f1": 0.7434554973821991
        },
        "FS": {
            "precision": 0.5897435897435898,
            "recall": 0.575,
            "f1": 0.5822784810126582
        },
        "GA": {
            "precision": 0.29411764705882354,
            "recall": 0.38461538461538464,
            "f1": 0.33333333333333337
        },
        "GVAUX": {
            "precision": 0.2857142857142857,
            "recall": 0.4,
            "f1": 0.3333333333333333
        },
        "LSN": {
            "precision": 0.3333333333333333,
            "recall": 0.25,
            "f1": 0.28571428571428575
        },
        "LSPR": {
            "precision": 0.21052631578947367,
            "recall": 0.2857142857142857,
            "f1": 0.24242424242424243
        },
        "GPP": {
            "precision": 0.125,
            "recall": 0.16666666666666666,
            "f1": 0.14285714285714288
        },
        "GVT": {
            "precision": 0.09090909090909091,
            "recall": 0.14285714285714285,
            "f1": 0.1111111111111111
        },
        "GDI": {
            "precision": 0,
            "recall": 0.0,
            "f1": 0
        },
        "GNN": {
            "precision": 0.0,
            "recall": 0.0,
            "f1": 0
        },
        "LCLC": {
            "precision": 0.0,
            "recall": 0,
            "f1": 0
        },
        "GVN": {
            "precision": 0.0,
            "recall": 0.0,
            "f1": 0
        },
        "XVCO": {
            "precision": 0.0,
            "recall": 0.0,
            "f1": 0
        },
        "DMCA": {
            "precision": 0,
            "recall": 0.0,
            "f1": 0
        },
        "GADJCS": {
            "precision": 0.0,
            "recall": 0.0,
            "f1": 0
        },
        "LSADV": {
            "precision": 0.0,
            "recall": 0.0,
            "f1": 0
        },
        "XNPR": {
            "precision": 0,
            "recall": 0.0,
            "f1": 0
        },
        "LSV": {
            "precision": 0.0,
            "recall": 0.0,
            "f1": 0
        },
        "WM": {
            "precision": 0.0,
            "recall": 0.0,
            "f1": 0
        },
        "GADVO": {
            "precision": 0.0,
            "recall": 0.0,
            "f1": 0
        },
        "XVPR": {
            "precision": 0.0,
            "recall": 0.0,
            "f1": 0
        },
        "FM": {
            "precision": 0,
            "recall": 0.0,
            "f1": 0
        },
        "GVM": {
            "precision": 0,
            "recall": 0.0,
            "f1": 0
        },
        "QC": {
            "precision": 0.0,
            "recall": 0.0,
            "f1": 0
        },
        "GVNF": {
            "precision": 0.0,
            "recall": 0.0,
            "f1": 0
        },
        "GPR": {
            "precision": 0.0,
            "recall": 0.0,
            "f1": 0
        },
        "GPD": {
            "precision": 0,
            "recall": 0.0,
            "f1": 0
        },
        "GNC": {
            "precision": 0.0,
            "recall": 0.0,
            "f1": 0
        },
        "XADJPR": {
            "precision": 0,
            "recall": 0.0,
            "f1": 0
        },
        "LWCO": {
            "precision": 0.0,
            "recall": 0.0,
            "f1": 0
        },
        "GDT": {
            "precision": 0,
            "recall": 0.0,
            "f1": 0
        },
        "GWC": {
            "precision": 0.0,
            "recall": 0.0,
            "f1": 0
        },
        "WR": {
            "precision": 0.0,
            "recall": 0.0,
            "f1": 0
        },
        "LSADJ": {
            "precision": 0.0,
            "recall": 0.0,
            "f1": 0
        },
        "XPRCO": {
            "precision": 0.0,
            "recall": 0,
            "f1": 0
        },
        "LP": {
            "precision": 0.0,
            "recall": 0.0,
            "f1": 0
        },
        "GPI": {
            "precision": 0.0,
            "recall": 0,
            "f1": 0
        },
        "Z": {
            "precision": 0.0,
            "recall": 0.0,
            "f1": 0
        },
        "QM": {
            "precision": 0.0,
            "recall": 0.0,
            "f1": 0
        },
        "XNUC": {
            "precision": 0,
            "recall": 0.0,
            "f1": 0
        },
        "GDD": {
            "precision": 0,
            "recall": 0.0,
            "f1": 0
        },
        "GDO": {
            "precision": 0.0,
            "recall": 0.0,
            "f1": 0
        },
        "CSINTRA": {
            "precision": 0,
            "recall": 0.0,
            "f1": 0
        },
        "WO": {
            "precision": 0.0,
            "recall": 0.0,
            "f1": 0
        },
        "CSINTER": {
            "precision": 0,
            "recall": 0.0,
            "f1": 0
        }
    },
    "epoch": 0
}