{
    "micro_precision": 0.3425076452599388,
    "micro_recall": 0.3902439024390244,
    "micro_f1": 0.3648208469055375,
    "macro_precision": 0.08954299837278559,
    "macro_recall": 0.1074552818120359,
    "macro_f1": 0.08569379344136847,
    "per_tag_metrics": {
        "DMCC": {
            "precision": 0.71,
            "recall": 0.8255813953488372,
            "f1": 0.7634408602150538
        },
        "FS": {
            "precision": 0.6060606060606061,
            "recall": 0.5,
            "f1": 0.5479452054794521
        },
        "QM": {
            "precision": 0.6666666666666666,
            "recall": 0.4,
            "f1": 0.5
        },
        "GVN": {
            "precision": 0.5,
            "recall": 0.25,
            "f1": 0.3333333333333333
        },
        "LSPR": {
            "precision": 0.2,
            "recall": 0.35714285714285715,
            "f1": 0.25641025641025644
        },
        "LSADJ": {
            "precision": 0.14285714285714285,
            "recall": 1.0,
            "f1": 0.25
        },
        "GA": {
            "precision": 0.1875,
            "recall": 0.23076923076923078,
            "f1": 0.20689655172413793
        },
        "WM": {
            "precision": 0.125,
            "recall": 0.3333333333333333,
            "f1": 0.18181818181818182
        },
        "LWCO": {
            "precision": 0.3333333333333333,
            "recall": 0.125,
            "f1": 0.18181818181818182
        },
        "GVT": {
            "precision": 0.1111111111111111,
            "recall": 0.2857142857142857,
            "f1": 0.16
        },
        "GPP": {
            "precision": 0.14285714285714285,
            "recall": 0.16666666666666666,
            "f1": 0.15384615384615383
        },
        "WR": {
            "precision": 0.14285714285714285,
            "recall": 0.14285714285714285,
            "f1": 0.14285714285714285
        },
        "LSV": {
            "precision": 0.1111111111111111,
            "recall": 0.16666666666666666,
            "f1": 0.13333333333333333
        },
        "GVAUX": {
            "precision": 0.16666666666666666,
            "recall": 0.1,
            "f1": 0.125
        },
        "GNN": {
            "precision": 0.0625,
            "recall": 0.16666666666666666,
            "f1": 0.09090909090909091
        },
        "WO": {
            "precision": 0.0,
            "recall": 0.0,
            "f1": 0
        },
        "GDD": {
            "precision": 0.0,
            "recall": 0.0,
            "f1": 0
        },
        "GNC": {
            "precision": 0.0,
            "recall": 0.0,
            "f1": 0
        },
        "XADJPR": {
            "precision": 0,
            "recall": 0.0,
            "f1": 0
        },
        "GADJCS": {
            "precision": 0.0,
            "recall": 0.0,
            "f1": 0
        },
        "LSADV": {
            "precision": 0.0,
            "recall": 0.0,
            "f1": 0
        },
        "Z": {
            "precision": 0.0,
            "recall": 0.0,
            "f1": 0
        },
        "CSINTRA": {
            "precision": 0.0,
            "recall": 0.0,
            "f1": 0
        },
        "GDI": {
            "precision": 0.0,
            "recall": 0.0,
            "f1": 0
        },
        "LCS": {
            "precision": 0.0,
            "recall": 0,
            "f1": 0
        },
        "GADJO": {
            "precision": 0.0,
            "recall": 0,
            "f1": 0
        },
        "LP": {
            "precision": 0.0,
            "recall": 0.0,
            "f1": 0
        },
        "FM": {
            "precision": 0,
            "recall": 0.0,
            "f1": 0
        },
        "GADVO": {
            "precision": 0,
            "recall": 0.0,
            "f1": 0
        },
        "XNUC": {
            "precision": 0.0,
            "recall": 0.0,
            "f1": 0
        },
        "GPR": {
            "precision": 0.0,
            "recall": 0.0,
            "f1": 0
        },
        "DMCA": {
            "precision": 0,
            "recall": 0.0,
            "f1": 0
        },
        "LSN": {
            "precision": 0.0,
            "recall": 0.0,
            "f1": 0
        },
        "GVM": {
            "precision": 0,
            "recall": 0.0,
            "f1": 0
        },
        "XVPR": {
            "precision": 0.0,
            "recall": 0.0,
            "f1": 0
        },
        "GPD": {
            "precision": 0,
            "recall": 0.0,
            "f1": 0
        },
        "LCC": {
            "precision": 0.0,
            "recall": 0,
            "f1": 0
        },
        "GWC": {
            "precision": 0,
            "recall": 0.0,
            "f1": 0
        },
        "GDO": {
            "precision": 0,
            "recall": 0.0,
            "f1": 0
        },
        "QC": {
            "precision": 0,
            "recall": 0.0,
            "f1": 0
        },
        "GPI": {
            "precision": 0.0,
            "recall": 0,
            "f1": 0
        },
        "XNPR": {
            "precision": 0,
            "recall": 0.0,
            "f1": 0
        },
        "GDT": {
            "precision": 0.0,
            "recall": 0.0,
            "f1": 0
        },
        "CSINTER": {
            "precision": 0.0,
            "recall": 0.0,
            "f1": 0
        },
        "QL": {
            "precision": 0.0,
            "recall": 0,
            "f1": 0
        },
        "GVNF": {
            "precision": 0.0,
            "recall": 0.0,
            "f1": 0
        },
        "XVCO": {
            "precision": 0.0,
            "recall": 0.0,
            "f1": 0
        }
    },
    "epoch": 2
}