{
    "micro_precision": 0.330188679245283,
    "micro_recall": 0.36585365853658536,
    "micro_f1": 0.34710743801652894,
    "macro_precision": 0.09925959186597484,
    "macro_recall": 0.09687176587226067,
    "macro_f1": 0.09376834811314425,
    "per_tag_metrics": {
        "DMCC": {
            "precision": 0.66,
            "recall": 0.7674418604651163,
            "f1": 0.7096774193548386
        },
        "WM": {
            "precision": 0.5,
            "recall": 0.6666666666666666,
            "f1": 0.5714285714285715
        },
        "FS": {
            "precision": 0.5925925925925926,
            "recall": 0.4,
            "f1": 0.4776119402985075
        },
        "GVNF": {
            "precision": 0.5,
            "recall": 0.3333333333333333,
            "f1": 0.4
        },
        "LSPR": {
            "precision": 0.375,
            "recall": 0.42857142857142855,
            "f1": 0.39999999999999997
        },
        "GVAUX": {
            "precision": 0.42857142857142855,
            "recall": 0.3,
            "f1": 0.3529411764705882
        },
        "GVN": {
            "precision": 0.25,
            "recall": 0.25,
            "f1": 0.25
        },
        "CSINTRA": {
            "precision": 0.5,
            "recall": 0.16666666666666666,
            "f1": 0.25
        },
        "GNN": {
            "precision": 0.18181818181818182,
            "recall": 0.3333333333333333,
            "f1": 0.23529411764705885
        },
        "GA": {
            "precision": 0.21428571428571427,
            "recall": 0.23076923076923078,
            "f1": 0.22222222222222224
        },
        "QM": {
            "precision": 0.14285714285714285,
            "recall": 0.2,
            "f1": 0.16666666666666666
        },
        "LSV": {
            "precision": 0.16666666666666666,
            "recall": 0.16666666666666666,
            "f1": 0.16666666666666666
        },
        "GPP": {
            "precision": 0.09090909090909091,
            "recall": 0.16666666666666666,
            "f1": 0.11764705882352942
        },
        "GVT": {
            "precision": 0.0625,
            "recall": 0.14285714285714285,
            "f1": 0.08695652173913043
        },
        "XVCO": {
            "precision": 0.0,
            "recall": 0.0,
            "f1": 0
        },
        "Z": {
            "precision": 0.0,
            "recall": 0.0,
            "f1": 0
        },
        "GADJCS": {
            "precision": 0,
            "recall": 0.0,
            "f1": 0
        },
        "LSADJ": {
            "precision": 0.0,
            "recall": 0.0,
            "f1": 0
        },
        "LSN": {
            "precision": 0.0,
            "recall": 0.0,
            "f1": 0
        },
        "GPR": {
            "precision": 0.0,
            "recall": 0.0,
            "f1": 0
        },
        "GWS": {
            "precision": 0.0,
            "recall": 0,
            "f1": 0
        },
        "LSADV": {
            "precision": 0.0,
            "recall": 0.0,
            "f1": 0
        },
        "CSINTER": {
            "precision": 0.0,
            "recall": 0.0,
            "f1": 0
        },
        "XVPR": {
            "precision": 0.0,
            "recall": 0.0,
            "f1": 0
        },
        "GWC": {
            "precision": 0.0,
            "recall": 0.0,
            "f1": 0
        },
        "GADVO": {
            "precision": 0,
            "recall": 0.0,
            "f1": 0
        },
        "GDI": {
            "precision": 0.0,
            "recall": 0.0,
            "f1": 0
        },
        "LVSADV": {
            "precision": 0.0,
            "recall": 0,
            "f1": 0
        },
        "XNUC": {
            "precision": 0.0,
            "recall": 0.0,
            "f1": 0
        },
        "GVM": {
            "precision": 0.0,
            "recall": 0.0,
            "f1": 0
        },
        "LWCO": {
            "precision": 0.0,
            "recall": 0.0,
            "f1": 0
        },
        "FM": {
            "precision": 0,
            "recall": 0.0,
            "f1": 0
        },
        "GPD": {
            "precision": 0,
            "recall": 0.0,
            "f1": 0
        },
        "GDT": {
            "precision": 0,
            "recall": 0.0,
            "f1": 0
        },
        "QC": {
            "precision": 0.0,
            "recall": 0.0,
            "f1": 0
        },
        "WR": {
            "precision": 0.0,
            "recall": 0.0,
            "f1": 0
        },
        "PROM": {
            "precision": 0.0,
            "recall": 0,
            "f1": 0
        },
        "GNC": {
            "precision": 0.0,
            "recall": 0.0,
            "f1": 0
        },
        "XADJPR": {
            "precision": 0,
            "recall": 0.0,
            "f1": 0
        },
        "GPI": {
            "precision": 0.0,
            "recall": 0,
            "f1": 0
        },
        "WO": {
            "precision": 0.0,
            "recall": 0.0,
            "f1": 0
        },
        "LP": {
            "precision": 0.0,
            "recall": 0.0,
            "f1": 0
        },
        "GDO": {
            "precision": 0.0,
            "recall": 0.0,
            "f1": 0
        },
        "ER": {
            "precision": 0.0,
            "recall": 0,
            "f1": 0
        },
        "XNPR": {
            "precision": 0,
            "recall": 0.0,
            "f1": 0
        },
        "DMCA": {
            "precision": 0,
            "recall": 0.0,
            "f1": 0
        },
        "GDD": {
            "precision": 0.0,
            "recall": 0.0,
            "f1": 0
        }
    },
    "epoch": 2
}