{
    "micro_precision": 0.19230769230769232,
    "micro_recall": 0.12345679012345678,
    "micro_f1": 0.15037593984962408,
    "macro_precision": 0.08818542568542569,
    "macro_recall": 0.08366271409749672,
    "macro_f1": 0.08156105282542064,
    "per_tag_metrics": {
        "DIGITALLY-MEDIATED": {
            "precision": 0.2857142857142857,
            "recall": 0.43478260869565216,
            "f1": 0.3448275862068965
        },
        "FORM": {
            "precision": 0.4,
            "recall": 0.25,
            "f1": 0.3076923076923077
        },
        "LEXIS": {
            "precision": 0.0625,
            "recall": 0.05,
            "f1": 0.05555555555555556
        },
        "GRAMMAR": {
            "precision": 0.045454545454545456,
            "recall": 0.01818181818181818,
            "f1": 0.025974025974025976
        },
        "WORD": {
            "precision": 0,
            "recall": 0.0,
            "f1": 0
        },
        "PUNCTUATION": {
            "precision": 0.0,
            "recall": 0.0,
            "f1": 0
        },
        "CODE-SWITCHING": {
            "precision": 0,
            "recall": 0.0,
            "f1": 0
        },
        "LEXICO-GRAMMAR": {
            "precision": 0.0,
            "recall": 0.0,
            "f1": 0
        },
        "INFELICITIES": {
            "precision": 0.0,
            "recall": 0.0,
            "f1": 0
        }
    },
    "epoch": 2
}