{
    "micro_precision": 0.5280898876404494,
    "micro_recall": 0.415929203539823,
    "micro_f1": 0.4653465346534653,
    "macro_precision": 0.25859810257227767,
    "macro_recall": 0.185265036051831,
    "macro_f1": 0.2091038591038591,
    "per_tag_metrics": {
        "DIGITALLY-MEDIATED": {
            "precision": 0.8292682926829268,
            "recall": 0.8192771084337349,
            "f1": 0.8242424242424242
        },
        "FORM": {
            "precision": 0.8461538461538461,
            "recall": 0.4074074074074074,
            "f1": 0.5499999999999999
        },
        "GRAMMAR": {
            "precision": 0.23529411764705882,
            "recall": 0.22641509433962265,
            "f1": 0.23076923076923075
        },
        "PUNCTUATION": {
            "precision": 0.3333333333333333,
            "recall": 0.14285714285714285,
            "f1": 0.2
        },
        "LEXIS": {
            "precision": 0.08333333333333333,
            "recall": 0.07142857142857142,
            "f1": 0.07692307692307691
        },
        "LEXICO-GRAMMAR": {
            "precision": 0.0,
            "recall": 0.0,
            "f1": 0
        },
        "INFELICITIES": {
            "precision": 0.0,
            "recall": 0.0,
            "f1": 0
        },
        "CODE-SWITCHING": {
            "precision": 0,
            "recall": 0.0,
            "f1": 0
        },
        "WORD": {
            "precision": 0.0,
            "recall": 0.0,
            "f1": 0
        }
    },
    "epoch": 2
}