{
    "micro_precision": 0.43902439024390244,
    "micro_recall": 0.45,
    "micro_f1": 0.4444444444444445,
    "macro_precision": 0.21993666014587884,
    "macro_recall": 0.22216168250651008,
    "macro_f1": 0.21706695588245378,
    "per_tag_metrics": {
        "DIGITALLY-MEDIATED": {
            "precision": 0.7448979591836735,
            "recall": 0.8690476190476191,
            "f1": 0.8021978021978022
        },
        "FORM": {
            "precision": 0.43478260869565216,
            "recall": 0.3333333333333333,
            "f1": 0.3773584905660377
        },
        "GRAMMAR": {
            "precision": 0.2807017543859649,
            "recall": 0.27586206896551724,
            "f1": 0.2782608695652174
        },
        "PUNCTUATION": {
            "precision": 0.2857142857142857,
            "recall": 0.18181818181818182,
            "f1": 0.2222222222222222
        },
        "LEXIS": {
            "precision": 0.16666666666666666,
            "recall": 0.2727272727272727,
            "f1": 0.20689655172413793
        },
        "WORD": {
            "precision": 0.06666666666666667,
            "recall": 0.06666666666666667,
            "f1": 0.06666666666666667
        },
        "LEXICO-GRAMMAR": {
            "precision": 0.0,
            "recall": 0.0,
            "f1": 0
        },
        "INFELICITIES": {
            "precision": 0.0,
            "recall": 0.0,
            "f1": 0
        },
        "CODE-SWITCHING": {
            "precision": 0.0,
            "recall": 0.0,
            "f1": 0
        }
    },
    "epoch": 2
}