{
    "micro_precision": 0.5424528301886793,
    "micro_recall": 0.3885135135135135,
    "micro_f1": 0.45275590551181105,
    "macro_precision": 0.1671319102353585,
    "macro_recall": 0.15774086241451268,
    "macro_f1": 0.16098207435307246,
    "per_tag_metrics": {
        "DIGITALLY-MEDIATED": {
            "precision": 0.8214285714285714,
            "recall": 0.8846153846153846,
            "f1": 0.8518518518518519
        },
        "FORM": {
            "precision": 0.4827586206896552,
            "recall": 0.4117647058823529,
            "f1": 0.4444444444444445
        },
        "GRAMMAR": {
            "precision": 0.2,
            "recall": 0.1232876712328767,
            "f1": 0.15254237288135591
        },
        "PUNCTUATION": {
            "precision": 0.0,
            "recall": 0.0,
            "f1": 0
        },
        "CODE-SWITCHING": {
            "precision": 0,
            "recall": 0.0,
            "f1": 0
        },
        "INFELICITIES": {
            "precision": 0,
            "recall": 0.0,
            "f1": 0
        },
        "LEXICO-GRAMMAR": {
            "precision": 0.0,
            "recall": 0.0,
            "f1": 0
        },
        "WORD": {
            "precision": 0.0,
            "recall": 0.0,
            "f1": 0
        },
        "LEXIS": {
            "precision": 0.0,
            "recall": 0.0,
            "f1": 0
        }
    },
    "epoch": 2
}