{
    "micro_precision": 0.4063745019920319,
    "micro_recall": 0.4180327868852459,
    "micro_f1": 0.41212121212121217,
    "macro_precision": 0.13160884623650582,
    "macro_recall": 0.14474351559994578,
    "macro_f1": 0.11996902747782286,
    "per_tag_metrics": {
        "DMCC": {
            "precision": 0.7553191489361702,
            "recall": 0.8658536585365854,
            "f1": 0.8068181818181819
        },
        "GVN": {
            "precision": 0.5,
            "recall": 0.5,
            "f1": 0.5
        },
        "GVM": {
            "precision": 0.3333333333333333,
            "recall": 0.5,
            "f1": 0.4
        },
        "GPR": {
            "precision": 1.0,
            "recall": 0.25,
            "f1": 0.4
        },
        "FS": {
            "precision": 0.5833333333333334,
            "recall": 0.2692307692307692,
            "f1": 0.3684210526315789
        },
        "CSINTER": {
            "precision": 0.2,
            "recall": 1.0,
            "f1": 0.33333333333333337
        },
        "LSPR": {
            "precision": 0.3076923076923077,
            "recall": 0.36363636363636365,
            "f1": 0.33333333333333337
        },
        "WM": {
            "precision": 0.3333333333333333,
            "recall": 0.3333333333333333,
            "f1": 0.3333333333333333
        },
        "GA": {
            "precision": 0.3333333333333333,
            "recall": 0.3076923076923077,
            "f1": 0.32
        },
        "QM": {
            "precision": 0.3333333333333333,
            "recall": 0.25,
            "f1": 0.28571428571428575
        },
        "GVAUX": {
            "precision": 0.25,
            "recall": 0.25,
            "f1": 0.25
        },
        "GVT": {
            "precision": 0.2,
            "recall": 0.2,
            "f1": 0.20000000000000004
        },
        "GPP": {
            "precision": 0.13333333333333333,
            "recall": 0.4,
            "f1": 0.2
        },
        "WO": {
            "precision": 0.16666666666666666,
            "recall": 0.14285714285714285,
            "f1": 0.15384615384615383
        },
        "XVCO": {
            "precision": 0.08333333333333333,
            "recall": 0.5,
            "f1": 0.14285714285714285
        },
        "GNN": {
            "precision": 0.16666666666666666,
            "recall": 0.1111111111111111,
            "f1": 0.13333333333333333
        },
        "LWCO": {
            "precision": 0.1111111111111111,
            "recall": 0.125,
            "f1": 0.11764705882352941
        },
        "Z": {
            "precision": 0.0,
            "recall": 0.0,
            "f1": 0
        },
        "GADJCS": {
            "precision": 0,
            "recall": 0.0,
            "f1": 0
        },
        "DMCA": {
            "precision": 0.0,
            "recall": 0.0,
            "f1": 0
        },
        "GNC": {
            "precision": 0.0,
            "recall": 0.0,
            "f1": 0
        },
        "LP": {
            "precision": 0.0,
            "recall": 0.0,
            "f1": 0
        },
        "GADVO": {
            "precision": 0.0,
            "recall": 0.0,
            "f1": 0
        },
        "LCS": {
            "precision": 0.0,
            "recall": 0,
            "f1": 0
        },
        "GDT": {
            "precision": 0,
            "recall": 0.0,
            "f1": 0
        },
        "GVNF": {
            "precision": 0.0,
            "recall": 0,
            "f1": 0
        },
        "LSV": {
            "precision": 0.0,
            "recall": 0.0,
            "f1": 0
        },
        "LSADV": {
            "precision": 0.0,
            "recall": 0.0,
            "f1": 0
        },
        "LSADJ": {
            "precision": 0.0,
            "recall": 0.0,
            "f1": 0
        },
        "GADJO": {
            "precision": 0,
            "recall": 0.0,
            "f1": 0
        },
        "XPRCO": {
            "precision": 0,
            "recall": 0.0,
            "f1": 0
        },
        "GDI": {
            "precision": 0.0,
            "recall": 0.0,
            "f1": 0
        },
        "LCC": {
            "precision": 0,
            "recall": 0.0,
            "f1": 0
        },
        "GDD": {
            "precision": 0.0,
            "recall": 0,
            "f1": 0
        },
        "CSINTRA": {
            "precision": 0.0,
            "recall": 0,
            "f1": 0
        },
        "WR": {
            "precision": 0.0,
            "recall": 0.0,
            "f1": 0
        },
        "QC": {
            "precision": 0.0,
            "recall": 0,
            "f1": 0
        },
        "GPI": {
            "precision": 0,
            "recall": 0.0,
            "f1": 0
        },
        "GWC": {
            "precision": 0.0,
            "recall": 0.0,
            "f1": 0
        },
        "LSN": {
            "precision": 0.0,
            "recall": 0.0,
            "f1": 0
        },
        "XADJPR": {
            "precision": 0,
            "recall": 0.0,
            "f1": 0
        },
        "XVPR": {
            "precision": 0.0,
            "recall": 0.0,
            "f1": 0
        },
        "GDO": {
            "precision": 0.0,
            "recall": 0,
            "f1": 0
        },
        "XNCO": {
            "precision": 0,
            "recall": 0.0,
            "f1": 0
        }
    },
    "epoch": 1
}