{
    "micro_precision": 0.4135593220338983,
    "micro_recall": 0.4250871080139373,
    "micro_f1": 0.4192439862542955,
    "macro_precision": 0.18350668337510445,
    "macro_recall": 0.17146418396418395,
    "macro_f1": 0.1741978844495301,
    "per_tag_metrics": {
        "DIGITALLY-MEDIATED": {
            "precision": 0.68,
            "recall": 0.7555555555555555,
            "f1": 0.7157894736842104
        },
        "FORM": {
            "precision": 0.6285714285714286,
            "recall": 0.5238095238095238,
            "f1": 0.5714285714285715
        },
        "GRAMMAR": {
            "precision": 0.27631578947368424,
            "recall": 0.3230769230769231,
            "f1": 0.29787234042553196
        },
        "LEXIS": {
            "precision": 0.21052631578947367,
            "recall": 0.20512820512820512,
            "f1": 0.2077922077922078
        },
        "PUNCTUATION": {
            "precision": 0.16666666666666666,
            "recall": 0.1111111111111111,
            "f1": 0.13333333333333333
        },
        "LEXICO-GRAMMAR": {
            "precision": 0.2,
            "recall": 0.08333333333333333,
            "f1": 0.11764705882352941
        },
        "WORD": {
            "precision": 0.04,
            "recall": 0.05555555555555555,
            "f1": 0.046511627906976744
        },
        "FABRICATION": {
            "precision": 0.0,
            "recall": 0,
            "f1": 0
        },
        "CODEX-SWITCHING": {
            "precision": 0.0,
            "recall": 0,
            "f1": 0
        },
        "INFELICITIES": {
            "precision": 0.0,
            "recall": 0.0,
            "f1": 0
        },
        "MENU": {
            "precision": 0.0,
            "recall": 0,
            "f1": 0
        },
        "CODE-SWITCHING": {
            "precision": 0,
            "recall": 0.0,
            "f1": 0
        }
    },
    "epoch": 2
}