{
    "micro_precision": 0.47520661157024796,
    "micro_recall": 0.5088495575221239,
    "micro_f1": 0.4914529914529915,
    "macro_precision": 0.2421906826240864,
    "macro_recall": 0.24440277924024228,
    "macro_f1": 0.2386144464535559,
    "per_tag_metrics": {
        "DIGITALLY-MEDIATED": {
            "precision": 0.8255813953488372,
            "recall": 0.8554216867469879,
            "f1": 0.8402366863905325
        },
        "FORM": {
            "precision": 0.7272727272727273,
            "recall": 0.5925925925925926,
            "f1": 0.6530612244897959
        },
        "GRAMMAR": {
            "precision": 0.32142857142857145,
            "recall": 0.33962264150943394,
            "f1": 0.3302752293577982
        },
        "CODE-SWITCHING": {
            "precision": 0.25,
            "recall": 0.14285714285714285,
            "f1": 0.18181818181818182
        },
        "WORD": {
            "precision": 0.13333333333333333,
            "recall": 0.25,
            "f1": 0.1739130434782609
        },
        "LEXICO-GRAMMAR": {
            "precision": 0.13333333333333333,
            "recall": 0.2222222222222222,
            "f1": 0.16666666666666669
        },
        "LEXIS": {
            "precision": 0.14814814814814814,
            "recall": 0.14285714285714285,
            "f1": 0.14545454545454545
        },
        "PUNCTUATION": {
            "precision": 0.125,
            "recall": 0.14285714285714285,
            "f1": 0.13333333333333333
        },
        "TEAMPLAY": {
            "precision": 0.0,
            "recall": 0,
            "f1": 0
        },
        "AQUARDENS": {
            "precision": 0.0,
            "recall": 0,
            "f1": 0
        },
        "INFELICITIES": {
            "precision": 0.0,
            "recall": 0.0,
            "f1": 0
        }
    },
    "epoch": 2
}