{
    "micro_precision": 0.47844827586206895,
    "micro_recall": 0.4625,
    "micro_f1": 0.4703389830508474,
    "macro_precision": 0.21081803143093464,
    "macro_recall": 0.20026944320047768,
    "macro_f1": 0.20394762995843566,
    "per_tag_metrics": {
        "DIGITALLY-MEDIATED": {
            "precision": 0.7849462365591398,
            "recall": 0.8690476190476191,
            "f1": 0.8248587570621468
        },
        "FORM": {
            "precision": 0.56,
            "recall": 0.4666666666666667,
            "f1": 0.509090909090909
        },
        "GRAMMAR": {
            "precision": 0.36538461538461536,
            "recall": 0.3275862068965517,
            "f1": 0.34545454545454546
        },
        "PUNCTUATION": {
            "precision": 0.25,
            "recall": 0.18181818181818182,
            "f1": 0.2105263157894737
        },
        "LEXIS": {
            "precision": 0.06451612903225806,
            "recall": 0.09090909090909091,
            "f1": 0.07547169811320754
        },
        "WORD": {
            "precision": 0.08333333333333333,
            "recall": 0.06666666666666667,
            "f1": 0.07407407407407407
        },
        "INFELICITIES": {
            "precision": 0.0,
            "recall": 0.0,
            "f1": 0
        },
        "CODE-SWITCHING": {
            "precision": 0.0,
            "recall": 0.0,
            "f1": 0
        },
        "LEXICO-GRAMMAR": {
            "precision": 0.0,
            "recall": 0.0,
            "f1": 0
        },
        "EMOJI": {
            "precision": 0.0,
            "recall": 0,
            "f1": 0
        }
    },
    "epoch": 2
}