{
    "micro_precision": 0.45075757575757575,
    "micro_recall": 0.4146341463414634,
    "micro_f1": 0.4319419237749546,
    "macro_precision": 0.21891642636323488,
    "macro_recall": 0.1822122322122322,
    "macro_f1": 0.19131544917776802,
    "per_tag_metrics": {
        "DIGITALLY-MEDIATED": {
            "precision": 0.723404255319149,
            "recall": 0.7555555555555555,
            "f1": 0.7391304347826088
        },
        "FORM": {
            "precision": 0.6410256410256411,
            "recall": 0.5952380952380952,
            "f1": 0.617283950617284
        },
        "GRAMMAR": {
            "precision": 0.25,
            "recall": 0.25,
            "f1": 0.25
        },
        "CODE-SWITCHING": {
            "precision": 0.5,
            "recall": 0.14285714285714285,
            "f1": 0.22222222222222224
        },
        "LEXIS": {
            "precision": 0.2222222222222222,
            "recall": 0.20512820512820512,
            "f1": 0.21333333333333332
        },
        "WORD": {
            "precision": 0.07142857142857142,
            "recall": 0.05555555555555555,
            "f1": 0.0625
        },
        "GRAMMARDJCS": {
            "precision": 0,
            "recall": 0.0,
            "f1": 0
        },
        "CODEX-SWITCHING": {
            "precision": 0.0,
            "recall": 0,
            "f1": 0
        },
        "LEXICO-GRAMMAR": {
            "precision": 0.0,
            "recall": 0.0,
            "f1": 0
        },
        "PUNCTUATION": {
            "precision": 0.0,
            "recall": 0.0,
            "f1": 0
        },
        "INFELICITIES": {
            "precision": 0,
            "recall": 0.0,
            "f1": 0
        }
    },
    "epoch": 1
}