{
    "micro_precision": 0.43414634146341463,
    "micro_recall": 0.37083333333333335,
    "micro_f1": 0.4000000000000001,
    "macro_precision": 0.05444297082228117,
    "macro_recall": 0.0631723475096969,
    "macro_f1": 0.055072918534456984,
    "per_tag_metrics": {
        "DMCC": {
            "precision": 0.7816091954022989,
            "recall": 0.8192771084337349,
            "f1": 0.8
        },
        "FS": {
            "precision": 0.43333333333333335,
            "recall": 0.43333333333333335,
            "f1": 0.43333333333333335
        },
        "GPP": {
            "precision": 0.2,
            "recall": 0.6,
            "f1": 0.3
        },
        "LSPR": {
            "precision": 0.16666666666666666,
            "recall": 0.2,
            "f1": 0.1818181818181818
        },
        "GNN": {
            "precision": 0.125,
            "recall": 0.2,
            "f1": 0.15384615384615385
        },
        "QM": {
            "precision": 0.25,
            "recall": 0.1111111111111111,
            "f1": 0.15384615384615383
        },
        "GA": {
            "precision": 0.16666666666666666,
            "recall": 0.1,
            "f1": 0.125
        },
        "GVAUX": {
            "precision": 0.0,
            "recall": 0.0,
            "f1": 0
        },
        "GWC": {
            "precision": 0.0,
            "recall": 0.0,
            "f1": 0
        },
        "LWCO": {
            "precision": 0.0,
            "recall": 0.0,
            "f1": 0
        },
        "GDI": {
            "precision": 0.0,
            "recall": 0,
            "f1": 0
        },
        "WR": {
            "precision": 0.0,
            "recall": 0.0,
            "f1": 0
        },
        "LCS": {
            "precision": 0,
            "recall": 0.0,
            "f1": 0
        },
        "GDT": {
            "precision": 0,
            "recall": 0.0,
            "f1": 0
        },
        "LSADV": {
            "precision": 0,
            "recall": 0.0,
            "f1": 0
        },
        "XNPR": {
            "precision": 0.0,
            "recall": 0,
            "f1": 0
        },
        "GADVO": {
            "precision": 0,
            "recall": 0.0,
            "f1": 0
        },
        "GPF": {
            "precision": 0,
            "recall": 0.0,
            "f1": 0
        },
        "DMCA": {
            "precision": 0,
            "recall": 0.0,
            "f1": 0
        },
        "GVNF": {
            "precision": 0.0,
            "recall": 0.0,
            "f1": 0
        },
        "QC": {
            "precision": 0.0,
            "recall": 0.0,
            "f1": 0
        },
        "GNC": {
            "precision": 0,
            "recall": 0.0,
            "f1": 0
        },
        "LSN": {
            "precision": 0.0,
            "recall": 0.0,
            "f1": 0
        },
        "QR": {
            "precision": 0,
            "recall": 0.0,
            "f1": 0
        },
        "LSV": {
            "precision": 0.0,
            "recall": 0.0,
            "f1": 0
        },
        "XADJPR": {
            "precision": 0,
            "recall": 0.0,
            "f1": 0
        },
        "GDO": {
            "precision": 0,
            "recall": 0.0,
            "f1": 0
        },
        "GVN": {
            "precision": 0.0,
            "recall": 0.0,
            "f1": 0
        },
        "CSINTRA": {
            "precision": 0,
            "recall": 0.0,
            "f1": 0
        },
        "WO": {
            "precision": 0.0,
            "recall": 0.0,
            "f1": 0
        },
        "XVPR": {
            "precision": 0,
            "recall": 0.0,
            "f1": 0
        },
        "GPR": {
            "precision": 0.0,
            "recall": 0.0,
            "f1": 0
        },
        "Z": {
            "precision": 0,
            "recall": 0.0,
            "f1": 0
        },
        "WM": {
            "precision": 0.0,
            "recall": 0.0,
            "f1": 0
        },
        "GDD": {
            "precision": 0,
            "recall": 0.0,
            "f1": 0
        },
        "GADJO": {
            "precision": 0,
            "recall": 0.0,
            "f1": 0
        },
        "LP": {
            "precision": 0,
            "recall": 0.0,
            "f1": 0
        },
        "GVT": {
            "precision": 0.0,
            "recall": 0.0,
            "f1": 0
        },
        "XVCO": {
            "precision": 0.0,
            "recall": 0.0,
            "f1": 0
        }
    },
    "epoch": 0
}