{
    "micro_precision": 0.38076923076923075,
    "micro_recall": 0.4125,
    "micro_f1": 0.39599999999999996,
    "macro_precision": 0.060845091122868906,
    "macro_recall": 0.06524468243343746,
    "macro_f1": 0.0611709335323036,
    "per_tag_metrics": {
        "DMCC": {
            "precision": 0.7708333333333334,
            "recall": 0.891566265060241,
            "f1": 0.8268156424581005
        },
        "FS": {
            "precision": 0.48148148148148145,
            "recall": 0.43333333333333335,
            "f1": 0.456140350877193
        },
        "LSPR": {
            "precision": 0.2222222222222222,
            "recall": 0.4,
            "f1": 0.2857142857142857
        },
        "GNN": {
            "precision": 0.2857142857142857,
            "recall": 0.2,
            "f1": 0.23529411764705882
        },
        "QM": {
            "precision": 0.25,
            "recall": 0.2222222222222222,
            "f1": 0.23529411764705882
        },
        "GVAUX": {
            "precision": 0.2,
            "recall": 0.16666666666666666,
            "f1": 0.1818181818181818
        },
        "GA": {
            "precision": 0.13333333333333333,
            "recall": 0.2,
            "f1": 0.16
        },
        "GVT": {
            "precision": 0.2,
            "recall": 0.1111111111111111,
            "f1": 0.14285714285714285
        },
        "LSV": {
            "precision": 0.08333333333333333,
            "recall": 0.2,
            "f1": 0.11764705882352941
        },
        "WO": {
            "precision": 0.1111111111111111,
            "recall": 0.1111111111111111,
            "f1": 0.1111111111111111
        },
        "GPF": {
            "precision": 0,
            "recall": 0.0,
            "f1": 0
        },
        "GADVO": {
            "precision": 0,
            "recall": 0.0,
            "f1": 0
        },
        "LP": {
            "precision": 0.0,
            "recall": 0.0,
            "f1": 0
        },
        "QR": {
            "precision": 0,
            "recall": 0.0,
            "f1": 0
        },
        "GPP": {
            "precision": 0.0,
            "recall": 0.0,
            "f1": 0
        },
        "GADJO": {
            "precision": 0,
            "recall": 0.0,
            "f1": 0
        },
        "QC": {
            "precision": 0,
            "recall": 0.0,
            "f1": 0
        },
        "GPD": {
            "precision": 0.0,
            "recall": 0,
            "f1": 0
        },
        "CSINTRA": {
            "precision": 0.0,
            "recall": 0.0,
            "f1": 0
        },
        "GVN": {
            "precision": 0.0,
            "recall": 0.0,
            "f1": 0
        },
        "LSADV": {
            "precision": 0.0,
            "recall": 0.0,
            "f1": 0
        },
        "LCLC": {
            "precision": 0.0,
            "recall": 0,
            "f1": 0
        },
        "GDO": {
            "precision": 0.0,
            "recall": 0.0,
            "f1": 0
        },
        "GADJCS": {
            "precision": 0.0,
            "recall": 0,
            "f1": 0
        },
        "LSN": {
            "precision": 0.0,
            "recall": 0.0,
            "f1": 0
        },
        "LWCO": {
            "precision": 0.0,
            "recall": 0.0,
            "f1": 0
        },
        "GNC": {
            "precision": 0,
            "recall": 0.0,
            "f1": 0
        },
        "LCS": {
            "precision": 0,
            "recall": 0.0,
            "f1": 0
        },
        "Z": {
            "precision": 0.0,
            "recall": 0.0,
            "f1": 0
        },
        "XADJPR": {
            "precision": 0,
            "recall": 0.0,
            "f1": 0
        },
        "LSADJ": {
            "precision": 0.0,
            "recall": 0,
            "f1": 0
        },
        "GWC": {
            "precision": 0.0,
            "recall": 0.0,
            "f1": 0
        },
        "DMCA": {
            "precision": 0.0,
            "recall": 0.0,
            "f1": 0
        },
        "XVCO": {
            "precision": 0.0,
            "recall": 0.0,
            "f1": 0
        },
        "GDD": {
            "precision": 0,
            "recall": 0.0,
            "f1": 0
        },
        "XVPR": {
            "precision": 0.0,
            "recall": 0.0,
            "f1": 0
        },
        "GPR": {
            "precision": 0.0,
            "recall": 0.0,
            "f1": 0
        },
        "QL": {
            "precision": 0.0,
            "recall": 0,
            "f1": 0
        },
        "XNUC": {
            "precision": 0.0,
            "recall": 0,
            "f1": 0
        },
        "XPRCO": {
            "precision": 0.0,
            "recall": 0,
            "f1": 0
        },
        "GPI": {
            "precision": 0.0,
            "recall": 0,
            "f1": 0
        },
        "WR": {
            "precision": 0.0,
            "recall": 0.0,
            "f1": 0
        },
        "WM": {
            "precision": 0.0,
            "recall": 0.0,
            "f1": 0
        },
        "GVNF": {
            "precision": 0,
            "recall": 0.0,
            "f1": 0
        },
        "GDT": {
            "precision": 0.0,
            "recall": 0.0,
            "f1": 0
        }
    },
    "epoch": 1
}