{
    "micro_precision": 0.23952095808383234,
    "micro_recall": 0.17699115044247787,
    "micro_f1": 0.2035623409669211,
    "macro_precision": 0.030118030118030114,
    "macro_recall": 0.022269705603038936,
    "macro_f1": 0.023519757215409387,
    "per_tag_metrics": {
        "DMCC": {
            "precision": 0.2857142857142857,
            "recall": 0.4444444444444444,
            "f1": 0.34782608695652173
        },
        "XVCO": {
            "precision": 0.5,
            "recall": 0.25,
            "f1": 0.3333333333333333
        },
        "GVT": {
            "precision": 0.16666666666666666,
            "recall": 0.1,
            "f1": 0.125
        },
        "FS": {
            "precision": 0.2222222222222222,
            "recall": 0.07407407407407407,
            "f1": 0.1111111111111111
        },
        "GVN": {
            "precision": 0,
            "recall": 0.0,
            "f1": 0
        },
        "CSINTER": {
            "precision": 0,
            "recall": 0.0,
            "f1": 0
        },
        "LSPR": {
            "precision": 0.0,
            "recall": 0.0,
            "f1": 0
        },
        "GADVO": {
            "precision": 0,
            "recall": 0.0,
            "f1": 0
        },
        "LSN": {
            "precision": 0,
            "recall": 0.0,
            "f1": 0
        },
        "QR": {
            "precision": 0,
            "recall": 0.0,
            "f1": 0
        },
        "GVAUX": {
            "precision": 0.0,
            "recall": 0.0,
            "f1": 0
        },
        "QM": {
            "precision": 0,
            "recall": 0.0,
            "f1": 0
        },
        "GDD": {
            "precision": 0,
            "recall": 0.0,
            "f1": 0
        },
        "GADJO": {
            "precision": 0,
            "recall": 0.0,
            "f1": 0
        },
        "DMCA": {
            "precision": 0.0,
            "recall": 0.0,
            "f1": 0
        },
        "GVNF": {
            "precision": 0,
            "recall": 0.0,
            "f1": 0
        },
        "WR": {
            "precision": 0,
            "recall": 0.0,
            "f1": 0
        },
        "GNN": {
            "precision": 0.0,
            "recall": 0.0,
            "f1": 0
        },
        "GPI": {
            "precision": 0,
            "recall": 0.0,
            "f1": 0
        },
        "XADJPR": {
            "precision": 0,
            "recall": 0.0,
            "f1": 0
        },
        "GNC": {
            "precision": 0.0,
            "recall": 0.0,
            "f1": 0
        },
        "XVPR": {
            "precision": 0,
            "recall": 0.0,
            "f1": 0
        },
        "GA": {
            "precision": 0.0,
            "recall": 0.0,
            "f1": 0
        },
        "Z": {
            "precision": 0,
            "recall": 0.0,
            "f1": 0
        },
        "QC": {
            "precision": 0,
            "recall": 0.0,
            "f1": 0
        },
        "GPP": {
            "precision": 0.0,
            "recall": 0.0,
            "f1": 0
        },
        "GDO": {
            "precision": 0.0,
            "recall": 0,
            "f1": 0
        },
        "WO": {
            "precision": 0,
            "recall": 0.0,
            "f1": 0
        },
        "XADJCO": {
            "precision": 0,
            "recall": 0.0,
            "f1": 0
        },
        "LSV": {
            "precision": 0.0,
            "recall": 0.0,
            "f1": 0
        },
        "LSADV": {
            "precision": 0,
            "recall": 0.0,
            "f1": 0
        },
        "LSADJ": {
            "precision": 0,
            "recall": 0.0,
            "f1": 0
        },
        "GVM": {
            "precision": 0,
            "recall": 0.0,
            "f1": 0
        },
        "CSINTRA": {
            "precision": 0,
            "recall": 0.0,
            "f1": 0
        },
        "GPR": {
            "precision": 0,
            "recall": 0.0,
            "f1": 0
        },
        "XNUC": {
            "precision": 0.0,
            "recall": 0.0,
            "f1": 0
        },
        "LP": {
            "precision": 0,
            "recall": 0.0,
            "f1": 0
        },
        "WM": {
            "precision": 0,
            "recall": 0.0,
            "f1": 0
        },
        "LWCO": {
            "precision": 0.0,
            "recall": 0.0,
            "f1": 0
        }
    },
    "epoch": 2
}