{
    "micro_precision": 0.4583333333333333,
    "micro_recall": 0.48672566371681414,
    "micro_f1": 0.4721030042918455,
    "macro_precision": 0.3120339627692569,
    "macro_recall": 0.2271718445564774,
    "macro_f1": 0.23444058005101,
    "per_tag_metrics": {
        "DIGITALLY-MEDIATED": {
            "precision": 0.8452380952380952,
            "recall": 0.8554216867469879,
            "f1": 0.8502994011976047
        },
        "FORM": {
            "precision": 0.8125,
            "recall": 0.48148148148148145,
            "f1": 0.6046511627906976
        },
        "GRAMMAR": {
            "precision": 0.25,
            "recall": 0.2830188679245283,
            "f1": 0.26548672566371684
        },
        "CODE-SWITCHING": {
            "precision": 1.0,
            "recall": 0.14285714285714285,
            "f1": 0.25
        },
        "PUNCTUATION": {
            "precision": 0.2222222222222222,
            "recall": 0.2857142857142857,
            "f1": 0.25
        },
        "LEXIS": {
            "precision": 0.16666666666666666,
            "recall": 0.21428571428571427,
            "f1": 0.1875
        },
        "LEXICO-GRAMMAR": {
            "precision": 0.07692307692307693,
            "recall": 0.1111111111111111,
            "f1": 0.09090909090909093
        },
        "WORD": {
            "precision": 0.058823529411764705,
            "recall": 0.125,
            "f1": 0.07999999999999999
        },
        "AQUARDENS": {
            "precision": 0.0,
            "recall": 0,
            "f1": 0
        },
        "TOPICAL": {
            "precision": 0.0,
            "recall": 0,
            "f1": 0
        },
        "INFELICITIES": {
            "precision": 0.0,
            "recall": 0.0,
            "f1": 0
        }
    },
    "epoch": 2
}