{
    "micro_precision": 0.49586776859504134,
    "micro_recall": 0.40540540540540543,
    "micro_f1": 0.446096654275093,
    "macro_precision": 0.18794861052925568,
    "macro_recall": 0.16663014731709333,
    "macro_f1": 0.17625915169855527,
    "per_tag_metrics": {
        "DIGITALLY-MEDIATED": {
            "precision": 0.8924731182795699,
            "recall": 0.7980769230769231,
            "f1": 0.8426395939086294
        },
        "FORM": {
            "precision": 0.6,
            "recall": 0.5294117647058824,
            "f1": 0.5625
        },
        "GRAMMAR": {
            "precision": 0.2727272727272727,
            "recall": 0.2054794520547945,
            "f1": 0.234375
        },
        "LEXIS": {
            "precision": 0.11428571428571428,
            "recall": 0.13333333333333333,
            "f1": 0.12307692307692307
        },
        "CODE-SWITCHING": {
            "precision": 0.0,
            "recall": 0.0,
            "f1": 0
        },
        "PUNCTUATION": {
            "precision": 0.0,
            "recall": 0.0,
            "f1": 0
        },
        "INFELICITIES": {
            "precision": 0.0,
            "recall": 0.0,
            "f1": 0
        },
        "BILEXIS": {
            "precision": 0.0,
            "recall": 0,
            "f1": 0
        },
        "WORD": {
            "precision": 0.0,
            "recall": 0.0,
            "f1": 0
        },
        "LEXICO-GRAMMAR": {
            "precision": 0.0,
            "recall": 0.0,
            "f1": 0
        }
    },
    "epoch": 0
}