{
    "micro_precision": 0.40384615384615385,
    "micro_recall": 0.36585365853658536,
    "micro_f1": 0.38391224862888484,
    "macro_precision": 0.15473021602053857,
    "macro_recall": 0.13069966892082277,
    "macro_f1": 0.1390859047162043,
    "per_tag_metrics": {
        "DIGITALLY-MEDIATED": {
            "precision": 0.7204301075268817,
            "recall": 0.7444444444444445,
            "f1": 0.7322404371584699
        },
        "FORM": {
            "precision": 0.5714285714285714,
            "recall": 0.47619047619047616,
            "f1": 0.5194805194805195
        },
        "GRAMMAR": {
            "precision": 0.20967741935483872,
            "recall": 0.203125,
            "f1": 0.20634920634920634
        },
        "CODE-SWITCHING": {
            "precision": 0.3333333333333333,
            "recall": 0.14285714285714285,
            "f1": 0.2
        },
        "LEXIS": {
            "precision": 0.08571428571428572,
            "recall": 0.07692307692307693,
            "f1": 0.08108108108108107
        },
        "WORD": {
            "precision": 0.09090909090909091,
            "recall": 0.05555555555555555,
            "f1": 0.06896551724137931
        },
        "GRAMMARDJCS": {
            "precision": 0,
            "recall": 0.0,
            "f1": 0
        },
        "FOMAT": {
            "precision": 0.0,
            "recall": 0,
            "f1": 0
        },
        "INFELICITIES": {
            "precision": 0.0,
            "recall": 0.0,
            "f1": 0
        },
        "CODEX-SWITCHING": {
            "precision": 0.0,
            "recall": 0,
            "f1": 0
        },
        "LEXICO-GRAMMAR": {
            "precision": 0.0,
            "recall": 0.0,
            "f1": 0
        },
        "PUNCTUATION": {
            "precision": 0.0,
            "recall": 0.0,
            "f1": 0
        },
        "SLEEPING": {
            "precision": 0.0,
            "recall": 0,
            "f1": 0
        }
    },
    "epoch": 1
}