{
    "micro_precision": 0.35714285714285715,
    "micro_recall": 0.38934426229508196,
    "micro_f1": 0.3725490196078431,
    "macro_precision": 0.10992241777398168,
    "macro_recall": 0.12085777267216884,
    "macro_f1": 0.10879350024322348,
    "per_tag_metrics": {
        "DMCC": {
            "precision": 0.6956521739130435,
            "recall": 0.7804878048780488,
            "f1": 0.7356321839080461
        },
        "WM": {
            "precision": 0.6666666666666666,
            "recall": 0.6666666666666666,
            "f1": 0.6666666666666666
        },
        "QM": {
            "precision": 0.5,
            "recall": 0.625,
            "f1": 0.5555555555555556
        },
        "FS": {
            "precision": 0.47058823529411764,
            "recall": 0.3076923076923077,
            "f1": 0.372093023255814
        },
        "GPR": {
            "precision": 0.5,
            "recall": 0.25,
            "f1": 0.3333333333333333
        },
        "LSV": {
            "precision": 0.25,
            "recall": 0.4,
            "f1": 0.3076923076923077
        },
        "WO": {
            "precision": 0.2857142857142857,
            "recall": 0.2857142857142857,
            "f1": 0.2857142857142857
        },
        "GA": {
            "precision": 0.2727272727272727,
            "recall": 0.23076923076923078,
            "f1": 0.24999999999999994
        },
        "LP": {
            "precision": 0.25,
            "recall": 0.2,
            "f1": 0.22222222222222224
        },
        "LSPR": {
            "precision": 0.15789473684210525,
            "recall": 0.2727272727272727,
            "f1": 0.19999999999999998
        },
        "XVCO": {
            "precision": 0.09090909090909091,
            "recall": 0.5,
            "f1": 0.15384615384615385
        },
        "GPP": {
            "precision": 0.1,
            "recall": 0.2,
            "f1": 0.13333333333333333
        },
        "GNN": {
            "precision": 0.16666666666666666,
            "recall": 0.1111111111111111,
            "f1": 0.13333333333333333
        },
        "GVAUX": {
            "precision": 0.1,
            "recall": 0.125,
            "f1": 0.11111111111111112
        },
        "Z": {
            "precision": 0.0,
            "recall": 0.0,
            "f1": 0
        },
        "XNCO": {
            "precision": 0,
            "recall": 0.0,
            "f1": 0
        },
        "XADJCO": {
            "precision": 0.0,
            "recall": 0,
            "f1": 0
        },
        "LSN": {
            "precision": 0.0,
            "recall": 0.0,
            "f1": 0
        },
        "LWCO": {
            "precision": 0.0,
            "recall": 0.0,
            "f1": 0
        },
        "CSINTER": {
            "precision": 0,
            "recall": 0.0,
            "f1": 0
        },
        "GPI": {
            "precision": 0.0,
            "recall": 0.0,
            "f1": 0
        },
        "DMCA": {
            "precision": 0.0,
            "recall": 0.0,
            "f1": 0
        },
        "LSADJ": {
            "precision": 0.0,
            "recall": 0.0,
            "f1": 0
        },
        "GVNF": {
            "precision": 0.0,
            "recall": 0,
            "f1": 0
        },
        "LCC": {
            "precision": 0,
            "recall": 0.0,
            "f1": 0
        },
        "GADJO": {
            "precision": 0,
            "recall": 0.0,
            "f1": 0
        },
        "GVM": {
            "precision": 0.0,
            "recall": 0.0,
            "f1": 0
        },
        "GNC": {
            "precision": 0.0,
            "recall": 0.0,
            "f1": 0
        },
        "GDT": {
            "precision": 0.0,
            "recall": 0.0,
            "f1": 0
        },
        "GWC": {
            "precision": 0.0,
            "recall": 0.0,
            "f1": 0
        },
        "WR": {
            "precision": 0.0,
            "recall": 0.0,
            "f1": 0
        },
        "XADJPR": {
            "precision": 0.0,
            "recall": 0.0,
            "f1": 0
        },
        "GADVO": {
            "precision": 0,
            "recall": 0.0,
            "f1": 0
        },
        "GVN": {
            "precision": 0.0,
            "recall": 0.0,
            "f1": 0
        },
        "GVT": {
            "precision": 0.0,
            "recall": 0.0,
            "f1": 0
        },
        "QC": {
            "precision": 0.0,
            "recall": 0,
            "f1": 0
        },
        "XPRCO": {
            "precision": 0,
            "recall": 0.0,
            "f1": 0
        },
        "GADJCS": {
            "precision": 0,
            "recall": 0.0,
            "f1": 0
        },
        "GDI": {
            "precision": 0.0,
            "recall": 0.0,
            "f1": 0
        },
        "LSADV": {
            "precision": 0.0,
            "recall": 0.0,
            "f1": 0
        },
        "XVPR": {
            "precision": 0.0,
            "recall": 0.0,
            "f1": 0
        }
    },
    "epoch": 1
}