{
    "micro_precision": 0.47767857142857145,
    "micro_recall": 0.47345132743362833,
    "micro_f1": 0.47555555555555556,
    "macro_precision": 0.19168242458870688,
    "macro_recall": 0.1857509653268159,
    "macro_f1": 0.18522960014895498,
    "per_tag_metrics": {
        "DIGITALLY-MEDIATED": {
            "precision": 0.8352941176470589,
            "recall": 0.8554216867469879,
            "f1": 0.8452380952380952
        },
        "FORM": {
            "precision": 0.6956521739130435,
            "recall": 0.5925925925925926,
            "f1": 0.6399999999999999
        },
        "GRAMMAR": {
            "precision": 0.2765957446808511,
            "recall": 0.24528301886792453,
            "f1": 0.26
        },
        "PUNCTUATION": {
            "precision": 0.25,
            "recall": 0.14285714285714285,
            "f1": 0.18181818181818182
        },
        "WORD": {
            "precision": 0.125,
            "recall": 0.25,
            "f1": 0.16666666666666666
        },
        "LEXIS": {
            "precision": 0.11764705882352941,
            "recall": 0.14285714285714285,
            "f1": 0.12903225806451615
        },
        "INFELICITIES": {
            "precision": 0.0,
            "recall": 0.0,
            "f1": 0
        },
        "AQUARDANCE": {
            "precision": 0.0,
            "recall": 0,
            "f1": 0
        },
        "NUMERALS": {
            "precision": 0.0,
            "recall": 0,
            "f1": 0
        },
        "CODE-SWITCHING": {
            "precision": 0.0,
            "recall": 0.0,
            "f1": 0
        },
        "TOPICS": {
            "precision": 0.0,
            "recall": 0,
            "f1": 0
        },
        "LEXICO-GRAMMAR": {
            "precision": 0.0,
            "recall": 0.0,
            "f1": 0
        }
    },
    "epoch": 1
}