{
    "micro_precision": 0.431924882629108,
    "micro_recall": 0.38333333333333336,
    "micro_f1": 0.40618101545253865,
    "macro_precision": 0.15724508423303601,
    "macro_recall": 0.141641289744738,
    "macro_f1": 0.14664140568196096,
    "per_tag_metrics": {
        "DIGITALLY-MEDIATED": {
            "precision": 0.8313253012048193,
            "recall": 0.8214285714285714,
            "f1": 0.8263473053892216
        },
        "GRAMMAR": {
            "precision": 0.23809523809523808,
            "recall": 0.25862068965517243,
            "f1": 0.24793388429752067
        },
        "FORM": {
            "precision": 0.2727272727272727,
            "recall": 0.2,
            "f1": 0.23076923076923075
        },
        "PUNCTUATION": {
            "precision": 0.2,
            "recall": 0.09090909090909091,
            "f1": 0.12500000000000003
        },
        "LEXIS": {
            "precision": 0.030303030303030304,
            "recall": 0.045454545454545456,
            "f1": 0.03636363636363636
        },
        "CODE-SWITCHING": {
            "precision": 0,
            "recall": 0.0,
            "f1": 0
        },
        "CAFE": {
            "precision": 0.0,
            "recall": 0,
            "f1": 0
        },
        "INFELICITIES": {
            "precision": 0,
            "recall": 0.0,
            "f1": 0
        },
        "WORD": {
            "precision": 0.0,
            "recall": 0.0,
            "f1": 0
        },
        "LEXICO-GRAMMAR": {
            "precision": 0.0,
            "recall": 0.0,
            "f1": 0
        }
    },
    "epoch": 2
}