{
    "micro_precision": 0.4493927125506073,
    "micro_recall": 0.45491803278688525,
    "micro_f1": 0.45213849287169044,
    "macro_precision": 0.23748207292230736,
    "macro_recall": 0.3152318386615495,
    "macro_f1": 0.2522236315438283,
    "per_tag_metrics": {
        "DIGITALLY-MEDIATED": {
            "precision": 0.8333333333333334,
            "recall": 0.8235294117647058,
            "f1": 0.8284023668639053
        },
        "CODE-SWITCHING": {
            "precision": 0.25,
            "recall": 1.0,
            "f1": 0.4
        },
        "PUNCTUATION": {
            "precision": 0.375,
            "recall": 0.375,
            "f1": 0.375
        },
        "FORM": {
            "precision": 0.30434782608695654,
            "recall": 0.2692307692307692,
            "f1": 0.28571428571428575
        },
        "GRAMMAR": {
            "precision": 0.27586206896551724,
            "recall": 0.2711864406779661,
            "f1": 0.2735042735042735
        },
        "LEXIS": {
            "precision": 0.23809523809523808,
            "recall": 0.2702702702702703,
            "f1": 0.25316455696202533
        },
        "LEXICO-GRAMMAR": {
            "precision": 0.15384615384615385,
            "recall": 0.3333333333333333,
            "f1": 0.21052631578947367
        },
        "WORD": {
            "precision": 0.18181818181818182,
            "recall": 0.125,
            "f1": 0.14814814814814814
        },
        "GRAMMARDVO": {
            "precision": 0,
            "recall": 0.0,
            "f1": 0
        },
        "INFELICITIES": {
            "precision": 0.0,
            "recall": 0.0,
            "f1": 0
        },
        "GRAMMARDJCS": {
            "precision": 0,
            "recall": 0.0,
            "f1": 0
        }
    },
    "epoch": 2
}