{
    "micro_precision": 0.5,
    "micro_recall": 0.4690265486725664,
    "micro_f1": 0.4840182648401826,
    "macro_precision": 0.15583062770562772,
    "macro_recall": 0.18087121212121213,
    "macro_f1": 0.15568345795618524,
    "per_tag_metrics": {
        "GPI": {
            "precision": 1.0,
            "recall": 1.0,
            "f1": 1.0
        },
        "XNUC": {
            "precision": 1.0,
            "recall": 1.0,
            "f1": 1.0
        },
        "DMCC": {
            "precision": 0.8625,
            "recall": 0.8518518518518519,
            "f1": 0.8571428571428572
        },
        "GA": {
            "precision": 0.9,
            "recall": 0.75,
            "f1": 0.8181818181818182
        },
        "FS": {
            "precision": 0.6190476190476191,
            "recall": 0.48148148148148145,
            "f1": 0.5416666666666666
        },
        "LSPR": {
            "precision": 0.5,
            "recall": 0.5,
            "f1": 0.5
        },
        "GPP": {
            "precision": 0.25,
            "recall": 1.0,
            "f1": 0.4
        },
        "CSINTRA": {
            "precision": 0.3333333333333333,
            "recall": 0.4,
            "f1": 0.3636363636363636
        },
        "WM": {
            "precision": 0.2,
            "recall": 1.0,
            "f1": 0.33333333333333337
        },
        "GVT": {
            "precision": 0.4,
            "recall": 0.2,
            "f1": 0.26666666666666666
        },
        "QM": {
            "precision": 0.25,
            "recall": 0.2,
            "f1": 0.22222222222222224
        },
        "WO": {
            "precision": 0.25,
            "recall": 0.2,
            "f1": 0.22222222222222224
        },
        "XVCO": {
            "precision": 0.16666666666666666,
            "recall": 0.25,
            "f1": 0.2
        },
        "GNN": {
            "precision": 0.125,
            "recall": 0.125,
            "f1": 0.125
        },
        "CSINTER": {
            "precision": 0.0,
            "recall": 0.0,
            "f1": 0
        },
        "DMCA": {
            "precision": 0,
            "recall": 0.0,
            "f1": 0
        },
        "LP": {
            "precision": 0.0,
            "recall": 0.0,
            "f1": 0
        },
        "Z": {
            "precision": 0.0,
            "recall": 0.0,
            "f1": 0
        },
        "GNC": {
            "precision": 0.0,
            "recall": 0.0,
            "f1": 0
        },
        "XVPR": {
            "precision": 0.0,
            "recall": 0.0,
            "f1": 0
        },
        "GADJCS": {
            "precision": 0.0,
            "recall": 0,
            "f1": 0
        },
        "LCS": {
            "precision": 0.0,
            "recall": 0,
            "f1": 0
        },
        "LSADJ": {
            "precision": 0,
            "recall": 0.0,
            "f1": 0
        },
        "LSV": {
            "precision": 0.0,
            "recall": 0.0,
            "f1": 0
        },
        "XADJPR": {
            "precision": 0,
            "recall": 0.0,
            "f1": 0
        },
        "GPO": {
            "precision": 0.0,
            "recall": 0,
            "f1": 0
        },
        "GVM": {
            "precision": 0,
            "recall": 0.0,
            "f1": 0
        },
        "GWC": {
            "precision": 0.0,
            "recall": 0,
            "f1": 0
        },
        "GDD": {
            "precision": 0,
            "recall": 0.0,
            "f1": 0
        },
        "LSADV": {
            "precision": 0.0,
            "recall": 0.0,
            "f1": 0
        },
        "LSN": {
            "precision": 0.0,
            "recall": 0.0,
            "f1": 0
        },
        "GADVO": {
            "precision": 0.0,
            "recall": 0.0,
            "f1": 0
        },
        "QR": {
            "precision": 0,
            "recall": 0.0,
            "f1": 0
        },
        "QC": {
            "precision": 0.0,
            "recall": 0.0,
            "f1": 0
        },
        "WR": {
            "precision": 0.0,
            "recall": 0.0,
            "f1": 0
        },
        "GVAUX": {
            "precision": 0.0,
            "recall": 0.0,
            "f1": 0
        },
        "GPR": {
            "precision": 0.0,
            "recall": 0.0,
            "f1": 0
        },
        "QL": {
            "precision": 0.0,
            "recall": 0,
            "f1": 0
        },
        "GADJO": {
            "precision": 0,
            "recall": 0.0,
            "f1": 0
        },
        "GPD": {
            "precision": 0.0,
            "recall": 0,
            "f1": 0
        },
        "LWCO": {
            "precision": 0.0,
            "recall": 0.0,
            "f1": 0
        },
        "GVNF": {
            "precision": 0,
            "recall": 0.0,
            "f1": 0
        },
        "XADJCO": {
            "precision": 0,
            "recall": 0.0,
            "f1": 0
        },
        "GVN": {
            "precision": 0.0,
            "recall": 0.0,
            "f1": 0
        }
    },
    "epoch": 1
}