{
    "micro_precision": 0.4868421052631579,
    "micro_recall": 0.45491803278688525,
    "micro_f1": 0.4703389830508475,
    "macro_precision": 0.26240969531448904,
    "macro_recall": 0.23773892993733475,
    "macro_f1": 0.23472182183615944,
    "per_tag_metrics": {
        "DIGITALLY-MEDIATED": {
            "precision": 0.8089887640449438,
            "recall": 0.8470588235294118,
            "f1": 0.8275862068965517
        },
        "FORM": {
            "precision": 0.6923076923076923,
            "recall": 0.34615384615384615,
            "f1": 0.46153846153846156
        },
        "PUNCTUATION": {
            "precision": 0.36363636363636365,
            "recall": 0.5,
            "f1": 0.4210526315789474
        },
        "LEXIS": {
            "precision": 0.23076923076923078,
            "recall": 0.24324324324324326,
            "f1": 0.23684210526315788
        },
        "GRAMMAR": {
            "precision": 0.22413793103448276,
            "recall": 0.22033898305084745,
            "f1": 0.22222222222222224
        },
        "LEXICO-GRAMMAR": {
            "precision": 0.16666666666666666,
            "recall": 0.3333333333333333,
            "f1": 0.2222222222222222
        },
        "WORD": {
            "precision": 0.4,
            "recall": 0.125,
            "f1": 0.19047619047619047
        },
        "GRAMMARDJCS": {
            "precision": 0,
            "recall": 0.0,
            "f1": 0
        },
        "GRAMMARDVO": {
            "precision": 0,
            "recall": 0.0,
            "f1": 0
        },
        "CODE-SWITCHING": {
            "precision": 0,
            "recall": 0.0,
            "f1": 0
        },
        "INFELICITIES": {
            "precision": 0.0,
            "recall": 0.0,
            "f1": 0
        }
    },
    "epoch": 2
}