{
    "micro_precision": 0.5119047619047619,
    "micro_recall": 0.4358108108108108,
    "micro_f1": 0.4708029197080292,
    "macro_precision": 0.22712394303515798,
    "macro_recall": 0.19544110759864186,
    "macro_f1": 0.20643635905379285,
    "per_tag_metrics": {
        "DIGITALLY-MEDIATED": {
            "precision": 0.822429906542056,
            "recall": 0.8461538461538461,
            "f1": 0.8341232227488151
        },
        "FORM": {
            "precision": 0.6071428571428571,
            "recall": 0.5,
            "f1": 0.5483870967741935
        },
        "GRAMMAR": {
            "precision": 0.2777777777777778,
            "recall": 0.2054794520547945,
            "f1": 0.23622047244094488
        },
        "WORD": {
            "precision": 0.3,
            "recall": 0.125,
            "f1": 0.17647058823529413
        },
        "LEXIS": {
            "precision": 0.1388888888888889,
            "recall": 0.16666666666666666,
            "f1": 0.1515151515151515
        },
        "LEXICO-GRAMMAR": {
            "precision": 0.125,
            "recall": 0.1111111111111111,
            "f1": 0.11764705882352941
        },
        "VERB": {
            "precision": 0.0,
            "recall": 0,
            "f1": 0
        },
        "CODE-SWITCHING": {
            "precision": 0.0,
            "recall": 0.0,
            "f1": 0
        },
        "PUNCTUATION": {
            "precision": 0.0,
            "recall": 0.0,
            "f1": 0
        },
        "INFELICITIES": {
            "precision": 0.0,
            "recall": 0.0,
            "f1": 0
        }
    },
    "epoch": 2
}