{
    "micro_precision": 0.50187265917603,
    "micro_recall": 0.4527027027027027,
    "micro_f1": 0.47602131438721135,
    "macro_precision": 0.15014146732896733,
    "macro_recall": 0.10132878921645666,
    "macro_f1": 0.1105284772895111,
    "per_tag_metrics": {
        "DMCC": {
            "precision": 0.8272727272727273,
            "recall": 0.900990099009901,
            "f1": 0.8625592417061612
        },
        "GPR": {
            "precision": 1.0,
            "recall": 0.5,
            "f1": 0.6666666666666666
        },
        "FS": {
            "precision": 0.7916666666666666,
            "recall": 0.5588235294117647,
            "f1": 0.6551724137931034
        },
        "GVAUX": {
            "precision": 0.6666666666666666,
            "recall": 0.3333333333333333,
            "f1": 0.4444444444444444
        },
        "GPP": {
            "precision": 0.6666666666666666,
            "recall": 0.26666666666666666,
            "f1": 0.3809523809523809
        },
        "WM": {
            "precision": 0.75,
            "recall": 0.25,
            "f1": 0.375
        },
        "LSPR": {
            "precision": 0.3076923076923077,
            "recall": 0.4,
            "f1": 0.34782608695652173
        },
        "GVN": {
            "precision": 1.0,
            "recall": 0.2,
            "f1": 0.33333333333333337
        },
        "GNN": {
            "precision": 0.25,
            "recall": 0.25,
            "f1": 0.25
        },
        "CSINTRA": {
            "precision": 0.2,
            "recall": 0.2,
            "f1": 0.20000000000000004
        },
        "QM": {
            "precision": 0.25,
            "recall": 0.14285714285714285,
            "f1": 0.18181818181818182
        },
        "WO": {
            "precision": 0.14285714285714285,
            "recall": 0.25,
            "f1": 0.18181818181818182
        },
        "LSN": {
            "precision": 0.1111111111111111,
            "recall": 0.3333333333333333,
            "f1": 0.16666666666666666
        },
        "GVT": {
            "precision": 0.14285714285714285,
            "recall": 0.16666666666666666,
            "f1": 0.15384615384615383
        },
        "GA": {
            "precision": 0.1,
            "recall": 0.1111111111111111,
            "f1": 0.10526315789473685
        },
        "XPRCO": {
            "precision": 0,
            "recall": 0.0,
            "f1": 0
        },
        "GDO": {
            "precision": 0.0,
            "recall": 0,
            "f1": 0
        },
        "LSADJ": {
            "precision": 0.0,
            "recall": 0.0,
            "f1": 0
        },
        "GVNF": {
            "precision": 0,
            "recall": 0.0,
            "f1": 0
        },
        "XVCO": {
            "precision": 0.0,
            "recall": 0.0,
            "f1": 0
        },
        "GDT": {
            "precision": 0,
            "recall": 0.0,
            "f1": 0
        },
        "LSADV": {
            "precision": 0.0,
            "recall": 0.0,
            "f1": 0
        },
        "GADJO": {
            "precision": 0.0,
            "recall": 0,
            "f1": 0
        },
        "QR": {
            "precision": 0,
            "recall": 0.0,
            "f1": 0
        },
        "GPD": {
            "precision": 0,
            "recall": 0.0,
            "f1": 0
        },
        "XVPR": {
            "precision": 0.0,
            "recall": 0.0,
            "f1": 0
        },
        "XNUC": {
            "precision": 0.0,
            "recall": 0,
            "f1": 0
        },
        "LWCO": {
            "precision": 0.0,
            "recall": 0.0,
            "f1": 0
        },
        "GVM": {
            "precision": 0.0,
            "recall": 0.0,
            "f1": 0
        },
        "GWD": {
            "precision": 0.0,
            "recall": 0,
            "f1": 0
        },
        "CSINTER": {
            "precision": 0.0,
            "recall": 0.0,
            "f1": 0
        },
        "QC": {
            "precision": 0.0,
            "recall": 0.0,
            "f1": 0
        },
        "LCLC": {
            "precision": 0.0,
            "recall": 0.0,
            "f1": 0
        },
        "LCT": {
            "precision": 0.0,
            "recall": 0,
            "f1": 0
        },
        "FM": {
            "precision": 0.0,
            "recall": 0,
            "f1": 0
        },
        "GADVO": {
            "precision": 0,
            "recall": 0.0,
            "f1": 0
        },
        "Z": {
            "precision": 0.0,
            "recall": 0.0,
            "f1": 0
        },
        "LP": {
            "precision": 0.0,
            "recall": 0.0,
            "f1": 0
        },
        "GADJ": {
            "precision": 0.0,
            "recall": 0,
            "f1": 0
        },
        "DMCA": {
            "precision": 0.0,
            "recall": 0.0,
            "f1": 0
        },
        "GWC": {
            "precision": 0.0,
            "recall": 0.0,
            "f1": 0
        },
        "XADVPR": {
            "precision": 0,
            "recall": 0.0,
            "f1": 0
        },
        "QL": {
            "precision": 0,
            "recall": 0.0,
            "f1": 0
        },
        "GNC": {
            "precision": 0.0,
            "recall": 0.0,
            "f1": 0
        },
        "GADJCS": {
            "precision": 0,
            "recall": 0.0,
            "f1": 0
        },
        "GDI": {
            "precision": 0,
            "recall": 0.0,
            "f1": 0
        },
        "WR": {
            "precision": 0.0,
            "recall": 0.0,
            "f1": 0
        },
        "LSV": {
            "precision": 0.0,
            "recall": 0.0,
            "f1": 0
        }
    },
    "epoch": 1
}