{
    "micro_precision": 0.4218181818181818,
    "micro_recall": 0.40418118466898956,
    "micro_f1": 0.4128113879003559,
    "macro_precision": 0.14828326605962794,
    "macro_recall": 0.14557152249459943,
    "macro_f1": 0.1462309003869106,
    "per_tag_metrics": {
        "DIGITALLY-MEDIATED": {
            "precision": 0.7441860465116279,
            "recall": 0.7111111111111111,
            "f1": 0.7272727272727273
        },
        "FORM": {
            "precision": 0.5,
            "recall": 0.5476190476190477,
            "f1": 0.5227272727272727
        },
        "GRAMMAR": {
            "precision": 0.273972602739726,
            "recall": 0.31746031746031744,
            "f1": 0.29411764705882354
        },
        "LEXIS": {
            "precision": 0.26666666666666666,
            "recall": 0.20512820512820512,
            "f1": 0.2318840579710145
        },
        "PUNCTUATION": {
            "precision": 0.14285714285714285,
            "recall": 0.1111111111111111,
            "f1": 0.125
        },
        "INFELICITIES": {
            "precision": 0.0,
            "recall": 0.0,
            "f1": 0
        },
        "CODE-SWITCHING": {
            "precision": 0.0,
            "recall": 0.0,
            "f1": 0
        },
        "GRAMMARDVO": {
            "precision": 0,
            "recall": 0.0,
            "f1": 0
        },
        "LEXICO-GRAMMAR": {
            "precision": 0.0,
            "recall": 0.0,
            "f1": 0
        },
        "LONDON-GRAMMAR": {
            "precision": 0.0,
            "recall": 0,
            "f1": 0
        },
        "GRAMMARDJCS": {
            "precision": 0,
            "recall": 0.0,
            "f1": 0
        },
        "WORD": {
            "precision": 0.0,
            "recall": 0.0,
            "f1": 0
        },
        "CODIFYING": {
            "precision": 0.0,
            "recall": 0,
            "f1": 0
        }
    },
    "epoch": 1
}