{
    "micro_precision": 0.48258706467661694,
    "micro_recall": 0.3975409836065574,
    "micro_f1": 0.4359550561797753,
    "macro_precision": 0.2868089512826355,
    "macro_recall": 0.2019076564881772,
    "macro_f1": 0.2243082225855218,
    "per_tag_metrics": {
        "DIGITALLY-MEDIATED": {
            "precision": 0.7912087912087912,
            "recall": 0.8470588235294118,
            "f1": 0.8181818181818181
        },
        "PUNCTUATION": {
            "precision": 0.5,
            "recall": 0.375,
            "f1": 0.42857142857142855
        },
        "FORM": {
            "precision": 0.45454545454545453,
            "recall": 0.19230769230769232,
            "f1": 0.27027027027027023
        },
        "GRAMMAR": {
            "precision": 0.21052631578947367,
            "recall": 0.19672131147540983,
            "f1": 0.20338983050847456
        },
        "WORD": {
            "precision": 0.5,
            "recall": 0.125,
            "f1": 0.2
        },
        "LEXIS": {
            "precision": 0.125,
            "recall": 0.08108108108108109,
            "f1": 0.09836065573770492
        },
        "CODE-SWITCHING": {
            "precision": 0,
            "recall": 0.0,
            "f1": 0
        },
        "INFELICITIES": {
            "precision": 0.0,
            "recall": 0.0,
            "f1": 0
        },
        "LEXICO-GRAMMAR": {
            "precision": 0.0,
            "recall": 0.0,
            "f1": 0
        }
    },
    "epoch": 2
}