{
    "micro_precision": 0.4867924528301887,
    "micro_recall": 0.4358108108108108,
    "micro_f1": 0.4598930481283422,
    "macro_precision": 0.23669266344811138,
    "macro_recall": 0.21090535617127076,
    "macro_f1": 0.21937134092813076,
    "per_tag_metrics": {
        "DIGITALLY-MEDIATED": {
            "precision": 0.8979591836734694,
            "recall": 0.8461538461538461,
            "f1": 0.8712871287128713
        },
        "FORM": {
            "precision": 0.47619047619047616,
            "recall": 0.29411764705882354,
            "f1": 0.3636363636363637
        },
        "WORD": {
            "precision": 0.3333333333333333,
            "recall": 0.2916666666666667,
            "f1": 0.3111111111111111
        },
        "GRAMMAR": {
            "precision": 0.288135593220339,
            "recall": 0.2328767123287671,
            "f1": 0.2575757575757576
        },
        "LEXIS": {
            "precision": 0.1346153846153846,
            "recall": 0.23333333333333334,
            "f1": 0.17073170731707316
        },
        "INFELICITIES": {
            "precision": 0.0,
            "recall": 0.0,
            "f1": 0
        },
        "CODE-SWITCHING": {
            "precision": 0.0,
            "recall": 0.0,
            "f1": 0
        },
        "PUNCTUATION": {
            "precision": 0.0,
            "recall": 0.0,
            "f1": 0
        },
        "LEXICO-GRAMMAR": {
            "precision": 0.0,
            "recall": 0.0,
            "f1": 0
        }
    },
    "epoch": 1
}