{
    "micro_precision": 0.5047169811320755,
    "micro_recall": 0.47345132743362833,
    "micro_f1": 0.48858447488584483,
    "macro_precision": 0.24599910352922397,
    "macro_recall": 0.23234121471410246,
    "macro_f1": 0.23815561038283292,
    "per_tag_metrics": {
        "DIGITALLY-MEDIATED": {
            "precision": 0.8795180722891566,
            "recall": 0.8795180722891566,
            "f1": 0.8795180722891566
        },
        "FORM": {
            "precision": 0.6818181818181818,
            "recall": 0.5555555555555556,
            "f1": 0.6122448979591836
        },
        "GRAMMAR": {
            "precision": 0.23214285714285715,
            "recall": 0.24528301886792453,
            "f1": 0.2385321100917431
        },
        "PUNCTUATION": {
            "precision": 0.16666666666666666,
            "recall": 0.14285714285714285,
            "f1": 0.15384615384615383
        },
        "LEXIS": {
            "precision": 0.15384615384615385,
            "recall": 0.14285714285714285,
            "f1": 0.14814814814814817
        },
        "WORD": {
            "precision": 0.1,
            "recall": 0.125,
            "f1": 0.11111111111111112
        },
        "CODE-SWITCHING": {
            "precision": 0.0,
            "recall": 0.0,
            "f1": 0
        },
        "INFELICITIES": {
            "precision": 0.0,
            "recall": 0.0,
            "f1": 0
        },
        "LEXICO-GRAMMAR": {
            "precision": 0.0,
            "recall": 0.0,
            "f1": 0
        }
    },
    "epoch": 2
}