{
    "micro_precision": 0.34074074074074073,
    "micro_recall": 0.3770491803278688,
    "micro_f1": 0.357976653696498,
    "macro_precision": 0.09392674152578114,
    "macro_recall": 0.09535833891234588,
    "macro_f1": 0.08890315612372857,
    "per_tag_metrics": {
        "DMCC": {
            "precision": 0.7386363636363636,
            "recall": 0.7926829268292683,
            "f1": 0.7647058823529412
        },
        "GPI": {
            "precision": 0.5,
            "recall": 0.5,
            "f1": 0.5
        },
        "FS": {
            "precision": 0.6153846153846154,
            "recall": 0.3076923076923077,
            "f1": 0.4102564102564103
        },
        "WM": {
            "precision": 0.5,
            "recall": 0.3333333333333333,
            "f1": 0.4
        },
        "QM": {
            "precision": 0.3333333333333333,
            "recall": 0.375,
            "f1": 0.35294117647058826
        },
        "DMCA": {
            "precision": 0.3333333333333333,
            "recall": 0.3333333333333333,
            "f1": 0.3333333333333333
        },
        "GA": {
            "precision": 0.42857142857142855,
            "recall": 0.23076923076923078,
            "f1": 0.3
        },
        "LSPR": {
            "precision": 0.23529411764705882,
            "recall": 0.36363636363636365,
            "f1": 0.2857142857142857
        },
        "GPR": {
            "precision": 0.2,
            "recall": 0.25,
            "f1": 0.22222222222222224
        },
        "XVCO": {
            "precision": 0.125,
            "recall": 0.5,
            "f1": 0.2
        },
        "LSN": {
            "precision": 0.14285714285714285,
            "recall": 0.25,
            "f1": 0.18181818181818182
        },
        "GVAUX": {
            "precision": 0.25,
            "recall": 0.125,
            "f1": 0.16666666666666666
        },
        "LSV": {
            "precision": 0.1,
            "recall": 0.2,
            "f1": 0.13333333333333333
        },
        "GNN": {
            "precision": 0.1,
            "recall": 0.1111111111111111,
            "f1": 0.10526315789473685
        },
        "GDD": {
            "precision": 0.0,
            "recall": 0,
            "f1": 0
        },
        "GPP": {
            "precision": 0.0,
            "recall": 0.0,
            "f1": 0
        },
        "LWCO": {
            "precision": 0.0,
            "recall": 0.0,
            "f1": 0
        },
        "Z": {
            "precision": 0.0,
            "recall": 0.0,
            "f1": 0
        },
        "LSADV": {
            "precision": 0.0,
            "recall": 0.0,
            "f1": 0
        },
        "GNC": {
            "precision": 0.0,
            "recall": 0.0,
            "f1": 0
        },
        "FM": {
            "precision": 0.0,
            "recall": 0,
            "f1": 0
        },
        "LSADJ": {
            "precision": 0.0,
            "recall": 0.0,
            "f1": 0
        },
        "GADVO": {
            "precision": 0.0,
            "recall": 0.0,
            "f1": 0
        },
        "GVT": {
            "precision": 0.0,
            "recall": 0.0,
            "f1": 0
        },
        "GWC": {
            "precision": 0.0,
            "recall": 0.0,
            "f1": 0
        },
        "XNUC": {
            "precision": 0.0,
            "recall": 0,
            "f1": 0
        },
        "XNCO": {
            "precision": 0,
            "recall": 0.0,
            "f1": 0
        },
        "GDI": {
            "precision": 0.0,
            "recall": 0.0,
            "f1": 0
        },
        "LP": {
            "precision": 0.0,
            "recall": 0.0,
            "f1": 0
        },
        "XVPR": {
            "precision": 0.0,
            "recall": 0.0,
            "f1": 0
        },
        "GADJCS": {
            "precision": 0,
            "recall": 0.0,
            "f1": 0
        },
        "XADVPR": {
            "precision": 0.0,
            "recall": 0,
            "f1": 0
        },
        "XPRCO": {
            "precision": 0,
            "recall": 0.0,
            "f1": 0
        },
        "QL": {
            "precision": 0.0,
            "recall": 0,
            "f1": 0
        },
        "GDO": {
            "precision": 0.0,
            "recall": 0,
            "f1": 0
        },
        "GVM": {
            "precision": 0,
            "recall": 0.0,
            "f1": 0
        },
        "LCC": {
            "precision": 0,
            "recall": 0.0,
            "f1": 0
        },
        "QR": {
            "precision": 0.0,
            "recall": 0,
            "f1": 0
        },
        "WR": {
            "precision": 0.0,
            "recall": 0.0,
            "f1": 0
        },
        "XADJCO": {
            "precision": 0.0,
            "recall": 0,
            "f1": 0
        },
        "GDT": {
            "precision": 0.0,
            "recall": 0.0,
            "f1": 0
        },
        "GVN": {
            "precision": 0.0,
            "recall": 0.0,
            "f1": 0
        },
        "XADJPR": {
            "precision": 0,
            "recall": 0.0,
            "f1": 0
        },
        "WO": {
            "precision": 0.0,
            "recall": 0.0,
            "f1": 0
        },
        "GADJO": {
            "precision": 0.0,
            "recall": 0.0,
            "f1": 0
        },
        "LCS": {
            "precision": 0.0,
            "recall": 0,
            "f1": 0
        },
        "CSINTER": {
            "precision": 0,
            "recall": 0.0,
            "f1": 0
        },
        "CSINTRA": {
            "precision": 0.0,
            "recall": 0,
            "f1": 0
        },
        "QC": {
            "precision": 0.0,
            "recall": 0,
            "f1": 0
        }
    },
    "epoch": 1
}