{
    "micro_precision": 0.40625,
    "micro_recall": 0.43333333333333335,
    "micro_f1": 0.41935483870967744,
    "macro_precision": 0.175575151329627,
    "macro_recall": 0.1800395581430064,
    "macro_f1": 0.17601634626681592,
    "per_tag_metrics": {
        "DIGITALLY-MEDIATED": {
            "precision": 0.8588235294117647,
            "recall": 0.8690476190476191,
            "f1": 0.863905325443787
        },
        "FORM": {
            "precision": 0.4166666666666667,
            "recall": 0.3333333333333333,
            "f1": 0.3703703703703704
        },
        "GRAMMAR": {
            "precision": 0.21739130434782608,
            "recall": 0.25862068965517243,
            "f1": 0.23622047244094485
        },
        "LEXIS": {
            "precision": 0.10810810810810811,
            "recall": 0.18181818181818182,
            "f1": 0.13559322033898308
        },
        "PUNCTUATION": {
            "precision": 0.07142857142857142,
            "recall": 0.09090909090909091,
            "f1": 0.08
        },
        "WORD": {
            "precision": 0.08333333333333333,
            "recall": 0.06666666666666667,
            "f1": 0.07407407407407407
        },
        "LEXICO-GRAMMAR": {
            "precision": 0.0,
            "recall": 0.0,
            "f1": 0
        },
        "INFELICITIES": {
            "precision": 0.0,
            "recall": 0.0,
            "f1": 0
        },
        "CODE-SWITCHING": {
            "precision": 0,
            "recall": 0.0,
            "f1": 0
        },
        "SPEAKINGOF": {
            "precision": 0.0,
            "recall": 0,
            "f1": 0
        }
    },
    "epoch": 2
}