{
    "micro_precision": 0.43478260869565216,
    "micro_recall": 0.4098360655737705,
    "micro_f1": 0.4219409282700422,
    "macro_precision": 0.25219450514073516,
    "macro_recall": 0.22083468287663083,
    "macro_f1": 0.23008600594807493,
    "per_tag_metrics": {
        "DIGITALLY-MEDIATED": {
            "precision": 0.7319587628865979,
            "recall": 0.8352941176470589,
            "f1": 0.7802197802197801
        },
        "FORM": {
            "precision": 0.625,
            "recall": 0.38461538461538464,
            "f1": 0.4761904761904762
        },
        "PUNCTUATION": {
            "precision": 0.4,
            "recall": 0.25,
            "f1": 0.3076923076923077
        },
        "GRAMMAR": {
            "precision": 0.2,
            "recall": 0.18032786885245902,
            "f1": 0.1896551724137931
        },
        "LEXICO-GRAMMAR": {
            "precision": 0.1111111111111111,
            "recall": 0.16666666666666666,
            "f1": 0.13333333333333333
        },
        "LEXIS": {
            "precision": 0.14285714285714285,
            "recall": 0.10810810810810811,
            "f1": 0.12307692307692308
        },
        "WORD": {
            "precision": 0.058823529411764705,
            "recall": 0.0625,
            "f1": 0.06060606060606061
        },
        "INFELICITIES": {
            "precision": 0.0,
            "recall": 0.0,
            "f1": 0
        },
        "CODE-SWITCHING": {
            "precision": 0.0,
            "recall": 0.0,
            "f1": 0
        }
    },
    "epoch": 1
}