{
    "micro_precision": 0.19540229885057472,
    "micro_recall": 0.10493827160493827,
    "micro_f1": 0.1365461847389558,
    "macro_precision": 0.09395711500974659,
    "macro_recall": 0.05654186795491143,
    "macro_f1": 0.06862273528940196,
    "per_tag_metrics": {
        "DIGITALLY-MEDIATED": {
            "precision": 0.42105263157894735,
            "recall": 0.34782608695652173,
            "f1": 0.380952380952381
        },
        "FORM": {
            "precision": 0.3333333333333333,
            "recall": 0.125,
            "f1": 0.18181818181818182
        },
        "GRAMMAR": {
            "precision": 0.18518518518518517,
            "recall": 0.09259259259259259,
            "f1": 0.12345679012345677
        },
        "PUNCTUATION": {
            "precision": 0.0,
            "recall": 0.0,
            "f1": 0
        },
        "CODE-SWITCHING": {
            "precision": 0,
            "recall": 0.0,
            "f1": 0
        },
        "INFELICITIES": {
            "precision": 0,
            "recall": 0.0,
            "f1": 0
        },
        "WORD": {
            "precision": 0.0,
            "recall": 0.0,
            "f1": 0
        },
        "GRAMMARDJCS": {
            "precision": 0,
            "recall": 0.0,
            "f1": 0
        },
        "LEXIS": {
            "precision": 0.0,
            "recall": 0.0,
            "f1": 0
        },
        "LEXICO-GRAMMAR": {
            "precision": 0.0,
            "recall": 0.0,
            "f1": 0
        }
    },
    "epoch": 2
}