{
    "micro_precision": 0.23809523809523808,
    "micro_recall": 0.32786885245901637,
    "micro_f1": 0.27586206896551724,
    "macro_precision": 0.04658741477820425,
    "macro_recall": 0.08655530445164591,
    "macro_f1": 0.05614254714401642,
    "per_tag_metrics": {
        "DMCC": {
            "precision": 0.30526315789473685,
            "recall": 0.7073170731707317,
            "f1": 0.4264705882352941
        },
        "QM": {
            "precision": 0.3076923076923077,
            "recall": 0.5,
            "f1": 0.380952380952381
        },
        "FS": {
            "precision": 0.2727272727272727,
            "recall": 0.34615384615384615,
            "f1": 0.3050847457627119
        },
        "GVAUX": {
            "precision": 0.2222222222222222,
            "recall": 0.25,
            "f1": 0.23529411764705882
        },
        "LSPR": {
            "precision": 0.2857142857142857,
            "recall": 0.18181818181818182,
            "f1": 0.2222222222222222
        },
        "GPP": {
            "precision": 0.14285714285714285,
            "recall": 0.4,
            "f1": 0.21052631578947364
        },
        "GWC": {
            "precision": 0.125,
            "recall": 0.5,
            "f1": 0.2
        },
        "XVCO": {
            "precision": 0.1111111111111111,
            "recall": 0.5,
            "f1": 0.1818181818181818
        },
        "GA": {
            "precision": 0.09090909090909091,
            "recall": 0.07692307692307693,
            "f1": 0.08333333333333334
        },
        "WO": {
            "precision": 0.0,
            "recall": 0.0,
            "f1": 0
        },
        "LSV": {
            "precision": 0.0,
            "recall": 0.0,
            "f1": 0
        },
        "GVT": {
            "precision": 0.0,
            "recall": 0.0,
            "f1": 0
        },
        "GADVO": {
            "precision": 0.0,
            "recall": 0.0,
            "f1": 0
        },
        "WR": {
            "precision": 0,
            "recall": 0.0,
            "f1": 0
        },
        "LCC": {
            "precision": 0,
            "recall": 0.0,
            "f1": 0
        },
        "GVN": {
            "precision": 0,
            "recall": 0.0,
            "f1": 0
        },
        "XNUC": {
            "precision": 0.0,
            "recall": 0,
            "f1": 0
        },
        "CSINTER": {
            "precision": 0,
            "recall": 0.0,
            "f1": 0
        },
        "Z": {
            "precision": 0.0,
            "recall": 0.0,
            "f1": 0
        },
        "XVPR": {
            "precision": 0,
            "recall": 0.0,
            "f1": 0
        },
        "GDI": {
            "precision": 0.0,
            "recall": 0.0,
            "f1": 0
        },
        "GDT": {
            "precision": 0,
            "recall": 0.0,
            "f1": 0
        },
        "LSADJ": {
            "precision": 0.0,
            "recall": 0.0,
            "f1": 0
        },
        "XNCO": {
            "precision": 0,
            "recall": 0.0,
            "f1": 0
        },
        "XADJPR": {
            "precision": 0,
            "recall": 0.0,
            "f1": 0
        },
        "GNN": {
            "precision": 0.0,
            "recall": 0.0,
            "f1": 0
        },
        "GADJO": {
            "precision": 0,
            "recall": 0.0,
            "f1": 0
        },
        "XPRCO": {
            "precision": 0,
            "recall": 0.0,
            "f1": 0
        },
        "GADJCS": {
            "precision": 0.0,
            "recall": 0.0,
            "f1": 0
        },
        "GNC": {
            "precision": 0.0,
            "recall": 0.0,
            "f1": 0
        },
        "GPR": {
            "precision": 0,
            "recall": 0.0,
            "f1": 0
        },
        "CSINTRA": {
            "precision": 0.0,
            "recall": 0,
            "f1": 0
        },
        "LSN": {
            "precision": 0,
            "recall": 0.0,
            "f1": 0
        },
        "LWCO": {
            "precision": 0.0,
            "recall": 0.0,
            "f1": 0
        },
        "LP": {
            "precision": 0,
            "recall": 0.0,
            "f1": 0
        },
        "GVM": {
            "precision": 0.0,
            "recall": 0.0,
            "f1": 0
        },
        "WM": {
            "precision": 0.0,
            "recall": 0.0,
            "f1": 0
        },
        "LSADV": {
            "precision": 0,
            "recall": 0.0,
            "f1": 0
        },
        "GPI": {
            "precision": 0,
            "recall": 0.0,
            "f1": 0
        },
        "DMCA": {
            "precision": 0,
            "recall": 0.0,
            "f1": 0
        }
    },
    "epoch": 2
}