{
    "micro_precision": 0.4493927125506073,
    "micro_recall": 0.45491803278688525,
    "micro_f1": 0.45213849287169044,
    "macro_precision": 0.33465187640786404,
    "macro_recall": 0.38305624907601765,
    "macro_f1": 0.32974016884980906,
    "per_tag_metrics": {
        "DIGITALLY-MEDIATED": {
            "precision": 0.7865168539325843,
            "recall": 0.8235294117647058,
            "f1": 0.8045977011494253
        },
        "CODE-SWITCHING": {
            "precision": 0.3333333333333333,
            "recall": 1.0,
            "f1": 0.5
        },
        "FORM": {
            "precision": 0.6666666666666666,
            "recall": 0.3076923076923077,
            "f1": 0.42105263157894735
        },
        "PUNCTUATION": {
            "precision": 0.3333333333333333,
            "recall": 0.375,
            "f1": 0.35294117647058826
        },
        "WORD": {
            "precision": 0.38461538461538464,
            "recall": 0.3125,
            "f1": 0.3448275862068966
        },
        "GRAMMAR": {
            "precision": 0.234375,
            "recall": 0.2459016393442623,
            "f1": 0.24
        },
        "LEXIS": {
            "precision": 0.21052631578947367,
            "recall": 0.21621621621621623,
            "f1": 0.21333333333333335
        },
        "LEXICO-GRAMMAR": {
            "precision": 0.0625,
            "recall": 0.16666666666666666,
            "f1": 0.09090909090909091
        },
        "INFELICITIES": {
            "precision": 0.0,
            "recall": 0.0,
            "f1": 0
        }
    },
    "epoch": 2
}