{
    "micro_precision": 0.3737024221453287,
    "micro_recall": 0.37630662020905925,
    "micro_f1": 0.37500000000000006,
    "macro_precision": 0.08048110282152836,
    "macro_recall": 0.07481943258786405,
    "macro_f1": 0.07495092308609205,
    "per_tag_metrics": {
        "DMCC": {
            "precision": 0.75,
            "recall": 0.8372093023255814,
            "f1": 0.7912087912087912
        },
        "FS": {
            "precision": 0.6285714285714286,
            "recall": 0.55,
            "f1": 0.5866666666666667
        },
        "GVN": {
            "precision": 0.6666666666666666,
            "recall": 0.5,
            "f1": 0.5714285714285715
        },
        "QM": {
            "precision": 0.6666666666666666,
            "recall": 0.4,
            "f1": 0.5
        },
        "GVAUX": {
            "precision": 0.4,
            "recall": 0.2,
            "f1": 0.26666666666666666
        },
        "WM": {
            "precision": 0.2,
            "recall": 0.3333333333333333,
            "f1": 0.25
        },
        "LSPR": {
            "precision": 0.2222222222222222,
            "recall": 0.2857142857142857,
            "f1": 0.25
        },
        "GPP": {
            "precision": 0.09090909090909091,
            "recall": 0.16666666666666666,
            "f1": 0.11764705882352942
        },
        "GNN": {
            "precision": 0.09090909090909091,
            "recall": 0.16666666666666666,
            "f1": 0.11764705882352942
        },
        "GA": {
            "precision": 0.06666666666666667,
            "recall": 0.07692307692307693,
            "f1": 0.07142857142857144
        },
        "FM": {
            "precision": 0,
            "recall": 0.0,
            "f1": 0
        },
        "DMCA": {
            "precision": 0,
            "recall": 0.0,
            "f1": 0
        },
        "GDT": {
            "precision": 0.0,
            "recall": 0.0,
            "f1": 0
        },
        "GDD": {
            "precision": 0,
            "recall": 0.0,
            "f1": 0
        },
        "GPD": {
            "precision": 0,
            "recall": 0.0,
            "f1": 0
        },
        "XVCO": {
            "precision": 0.0,
            "recall": 0.0,
            "f1": 0
        },
        "XVPR": {
            "precision": 0.0,
            "recall": 0.0,
            "f1": 0
        },
        "LSN": {
            "precision": 0.0,
            "recall": 0.0,
            "f1": 0
        },
        "GDI": {
            "precision": 0,
            "recall": 0.0,
            "f1": 0
        },
        "GVNF": {
            "precision": 0.0,
            "recall": 0.0,
            "f1": 0
        },
        "GDO": {
            "precision": 0.0,
            "recall": 0.0,
            "f1": 0
        },
        "GWC": {
            "precision": 0.0,
            "recall": 0.0,
            "f1": 0
        },
        "GPI": {
            "precision": 0.0,
            "recall": 0,
            "f1": 0
        },
        "GPR": {
            "precision": 0.0,
            "recall": 0.0,
            "f1": 0
        },
        "GPO": {
            "precision": 0.0,
            "recall": 0,
            "f1": 0
        },
        "XADJCO": {
            "precision": 0.0,
            "recall": 0,
            "f1": 0
        },
        "GVT": {
            "precision": 0.0,
            "recall": 0.0,
            "f1": 0
        },
        "XNUC": {
            "precision": 0.0,
            "recall": 0.0,
            "f1": 0
        },
        "XNPR": {
            "precision": 0,
            "recall": 0.0,
            "f1": 0
        },
        "LSADV": {
            "precision": 0.0,
            "recall": 0.0,
            "f1": 0
        },
        "XADJPR": {
            "precision": 0.0,
            "recall": 0.0,
            "f1": 0
        },
        "LSV": {
            "precision": 0.0,
            "recall": 0.0,
            "f1": 0
        },
        "LSADJ": {
            "precision": 0.0,
            "recall": 0.0,
            "f1": 0
        },
        "GVM": {
            "precision": 0,
            "recall": 0.0,
            "f1": 0
        },
        "CSINTER": {
            "precision": 0,
            "recall": 0.0,
            "f1": 0
        },
        "QC": {
            "precision": 0.0,
            "recall": 0.0,
            "f1": 0
        },
        "GADVO": {
            "precision": 0.0,
            "recall": 0.0,
            "f1": 0
        },
        "CSINTRA": {
            "precision": 0.0,
            "recall": 0.0,
            "f1": 0
        },
        "Z": {
            "precision": 0.0,
            "recall": 0.0,
            "f1": 0
        },
        "LP": {
            "precision": 0.0,
            "recall": 0.0,
            "f1": 0
        },
        "GADJCS": {
            "precision": 0,
            "recall": 0.0,
            "f1": 0
        },
        "WR": {
            "precision": 0.0,
            "recall": 0.0,
            "f1": 0
        },
        "QL": {
            "precision": 0.0,
            "recall": 0,
            "f1": 0
        },
        "LCS": {
            "precision": 0.0,
            "recall": 0,
            "f1": 0
        },
        "WO": {
            "precision": 0.0,
            "recall": 0.0,
            "f1": 0
        },
        "LWCO": {
            "precision": 0.0,
            "recall": 0.0,
            "f1": 0
        },
        "GNC": {
            "precision": 0.0,
            "recall": 0.0,
            "f1": 0
        }
    },
    "epoch": 2
}