{
    "micro_precision": 0.4251968503937008,
    "micro_recall": 0.37630662020905925,
    "micro_f1": 0.3992606284658041,
    "macro_precision": 0.15937126642771804,
    "macro_recall": 0.1422059422059422,
    "macro_f1": 0.1496569613091352,
    "per_tag_metrics": {
        "DIGITALLY-MEDIATED": {
            "precision": 0.7333333333333333,
            "recall": 0.7333333333333333,
            "f1": 0.7333333333333333
        },
        "FORM": {
            "precision": 0.625,
            "recall": 0.47619047619047616,
            "f1": 0.5405405405405405
        },
        "GRAMMAR": {
            "precision": 0.20967741935483872,
            "recall": 0.20634920634920634,
            "f1": 0.208
        },
        "LEXIS": {
            "precision": 0.23333333333333334,
            "recall": 0.1794871794871795,
            "f1": 0.20289855072463772
        },
        "WORD": {
            "precision": 0.1111111111111111,
            "recall": 0.1111111111111111,
            "f1": 0.1111111111111111
        },
        "GRAMMARDVO": {
            "precision": 0,
            "recall": 0.0,
            "f1": 0
        },
        "PUNCTUATION": {
            "precision": 0.0,
            "recall": 0.0,
            "f1": 0
        },
        "CODE-SWITCHING": {
            "precision": 0.0,
            "recall": 0.0,
            "f1": 0
        },
        "LEXICO-GRAMMAR": {
            "precision": 0.0,
            "recall": 0.0,
            "f1": 0
        },
        "HAHAHHAH": {
            "precision": 0.0,
            "recall": 0,
            "f1": 0
        },
        "INFELICITIES": {
            "precision": 0.0,
            "recall": 0.0,
            "f1": 0
        },
        "GRAMMARDJCS": {
            "precision": 0,
            "recall": 0.0,
            "f1": 0
        }
    },
    "epoch": 1
}