{
    "micro_precision": 0.36688311688311687,
    "micro_recall": 0.39372822299651566,
    "micro_f1": 0.3798319327731092,
    "macro_precision": 0.16499183006535947,
    "macro_recall": 0.17092796092796095,
    "macro_f1": 0.16711139534808678,
    "per_tag_metrics": {
        "DIGITALLY-MEDIATED": {
            "precision": 0.6568627450980392,
            "recall": 0.7444444444444445,
            "f1": 0.6979166666666667
        },
        "FORM": {
            "precision": 0.6111111111111112,
            "recall": 0.5238095238095238,
            "f1": 0.5641025641025642
        },
        "GRAMMAR": {
            "precision": 0.2361111111111111,
            "recall": 0.26153846153846155,
            "f1": 0.24817518248175183
        },
        "LEXIS": {
            "precision": 0.14583333333333334,
            "recall": 0.1794871794871795,
            "f1": 0.16091954022988506
        },
        "LEXICO-GRAMMAR": {
            "precision": 0.0,
            "recall": 0.0,
            "f1": 0
        },
        "WORD": {
            "precision": 0.0,
            "recall": 0.0,
            "f1": 0
        },
        "CODE-SWITCHING": {
            "precision": 0.0,
            "recall": 0.0,
            "f1": 0
        },
        "INFELICITIES": {
            "precision": 0.0,
            "recall": 0.0,
            "f1": 0
        },
        "ATHLETE": {
            "precision": 0.0,
            "recall": 0,
            "f1": 0
        },
        "PUNCTUATION": {
            "precision": 0.0,
            "recall": 0.0,
            "f1": 0
        }
    },
    "epoch": 1
}