{
    "micro_precision": 0.1752873563218391,
    "micro_recall": 0.21254355400696864,
    "micro_f1": 0.1921259842519685,
    "macro_precision": 0.020817081071527115,
    "macro_recall": 0.03110891046937559,
    "macro_f1": 0.021334550619540475,
    "per_tag_metrics": {
        "DMCC": {
            "precision": 0.3561643835616438,
            "recall": 0.6046511627906976,
            "f1": 0.44827586206896547
        },
        "FS": {
            "precision": 0.13157894736842105,
            "recall": 0.125,
            "f1": 0.12820512820512822
        },
        "QM": {
            "precision": 0.07407407407407407,
            "recall": 0.4,
            "f1": 0.125
        },
        "GA": {
            "precision": 0.25,
            "recall": 0.07692307692307693,
            "f1": 0.11764705882352941
        },
        "GVAUX": {
            "precision": 0.0625,
            "recall": 0.1,
            "f1": 0.07692307692307693
        },
        "LSV": {
            "precision": 0.0,
            "recall": 0.0,
            "f1": 0
        },
        "CSINTER": {
            "precision": 0,
            "recall": 0.0,
            "f1": 0
        },
        "WR": {
            "precision": 0.0,
            "recall": 0.0,
            "f1": 0
        },
        "GNC": {
            "precision": 0.0,
            "recall": 0.0,
            "f1": 0
        },
        "GPD": {
            "precision": 0,
            "recall": 0.0,
            "f1": 0
        },
        "WO": {
            "precision": 0.0,
            "recall": 0.0,
            "f1": 0
        },
        "LWCO": {
            "precision": 0.0,
            "recall": 0.0,
            "f1": 0
        },
        "GDT": {
            "precision": 0,
            "recall": 0.0,
            "f1": 0
        },
        "GADVO": {
            "precision": 0,
            "recall": 0.0,
            "f1": 0
        },
        "XADJPR": {
            "precision": 0,
            "recall": 0.0,
            "f1": 0
        },
        "DMCA": {
            "precision": 0,
            "recall": 0.0,
            "f1": 0
        },
        "LSPR": {
            "precision": 0.0,
            "recall": 0.0,
            "f1": 0
        },
        "GVT": {
            "precision": 0.0,
            "recall": 0.0,
            "f1": 0
        },
        "GDI": {
            "precision": 0.0,
            "recall": 0.0,
            "f1": 0
        },
        "GADJCS": {
            "precision": 0.0,
            "recall": 0.0,
            "f1": 0
        },
        "LSN": {
            "precision": 0.0,
            "recall": 0.0,
            "f1": 0
        },
        "GNN": {
            "precision": 0.0,
            "recall": 0.0,
            "f1": 0
        },
        "GVM": {
            "precision": 0.0,
            "recall": 0.0,
            "f1": 0
        },
        "GWC": {
            "precision": 0,
            "recall": 0.0,
            "f1": 0
        },
        "GVNF": {
            "precision": 0,
            "recall": 0.0,
            "f1": 0
        },
        "GPP": {
            "precision": 0.0,
            "recall": 0.0,
            "f1": 0
        },
        "XVPR": {
            "precision": 0,
            "recall": 0.0,
            "f1": 0
        },
        "QC": {
            "precision": 0.0,
            "recall": 0.0,
            "f1": 0
        },
        "GVN": {
            "precision": 0,
            "recall": 0.0,
            "f1": 0
        },
        "GDO": {
            "precision": 0,
            "recall": 0.0,
            "f1": 0
        },
        "WM": {
            "precision": 0,
            "recall": 0.0,
            "f1": 0
        },
        "LSADJ": {
            "precision": 0,
            "recall": 0.0,
            "f1": 0
        },
        "GDD": {
            "precision": 0,
            "recall": 0.0,
            "f1": 0
        },
        "LP": {
            "precision": 0,
            "recall": 0.0,
            "f1": 0
        },
        "CSINTRA": {
            "precision": 0,
            "recall": 0.0,
            "f1": 0
        },
        "XNPR": {
            "precision": 0,
            "recall": 0.0,
            "f1": 0
        },
        "LSADV": {
            "precision": 0.0,
            "recall": 0.0,
            "f1": 0
        },
        "FM": {
            "precision": 0,
            "recall": 0.0,
            "f1": 0
        },
        "XVCO": {
            "precision": 0.0,
            "recall": 0.0,
            "f1": 0
        },
        "XNUC": {
            "precision": 0,
            "recall": 0.0,
            "f1": 0
        },
        "Z": {
            "precision": 0,
            "recall": 0.0,
            "f1": 0
        },
        "GPR": {
            "precision": 0.0,
            "recall": 0.0,
            "f1": 0
        }
    },
    "epoch": 2
}