{
    "micro_precision": 0.451063829787234,
    "micro_recall": 0.4344262295081967,
    "micro_f1": 0.44258872651356995,
    "macro_precision": 0.13938868796463735,
    "macro_recall": 0.1414201467416545,
    "macro_f1": 0.1335123038985204,
    "per_tag_metrics": {
        "DMCC": {
            "precision": 0.8227848101265823,
            "recall": 0.7926829268292683,
            "f1": 0.8074534161490684
        },
        "DMCA": {
            "precision": 1.0,
            "recall": 0.6666666666666666,
            "f1": 0.8
        },
        "WM": {
            "precision": 0.5,
            "recall": 1.0,
            "f1": 0.6666666666666666
        },
        "GVAUX": {
            "precision": 0.8,
            "recall": 0.5,
            "f1": 0.6153846153846154
        },
        "GA": {
            "precision": 0.5714285714285714,
            "recall": 0.6153846153846154,
            "f1": 0.5925925925925927
        },
        "FS": {
            "precision": 0.5238095238095238,
            "recall": 0.4230769230769231,
            "f1": 0.4680851063829788
        },
        "QM": {
            "precision": 0.4,
            "recall": 0.5,
            "f1": 0.4444444444444445
        },
        "LWCO": {
            "precision": 0.4,
            "recall": 0.25,
            "f1": 0.3076923076923077
        },
        "GPR": {
            "precision": 0.25,
            "recall": 0.25,
            "f1": 0.25
        },
        "LSV": {
            "precision": 0.25,
            "recall": 0.2,
            "f1": 0.22222222222222224
        },
        "XVCO": {
            "precision": 0.125,
            "recall": 0.5,
            "f1": 0.2
        },
        "LSPR": {
            "precision": 0.2222222222222222,
            "recall": 0.18181818181818182,
            "f1": 0.19999999999999998
        },
        "GPP": {
            "precision": 0.14285714285714285,
            "recall": 0.2,
            "f1": 0.16666666666666666
        },
        "WO": {
            "precision": 0.125,
            "recall": 0.14285714285714285,
            "f1": 0.13333333333333333
        },
        "QR": {
            "precision": 0.0,
            "recall": 0,
            "f1": 0
        },
        "GPI": {
            "precision": 0,
            "recall": 0.0,
            "f1": 0
        },
        "GNC": {
            "precision": 0.0,
            "recall": 0.0,
            "f1": 0
        },
        "LSN": {
            "precision": 0.0,
            "recall": 0.0,
            "f1": 0
        },
        "CSINTER": {
            "precision": 0.0,
            "recall": 0.0,
            "f1": 0
        },
        "GVNF": {
            "precision": 0.0,
            "recall": 0,
            "f1": 0
        },
        "Z": {
            "precision": 0.0,
            "recall": 0.0,
            "f1": 0
        },
        "LSADV": {
            "precision": 0.0,
            "recall": 0.0,
            "f1": 0
        },
        "GDT": {
            "precision": 0,
            "recall": 0.0,
            "f1": 0
        },
        "GVM": {
            "precision": 0.0,
            "recall": 0.0,
            "f1": 0
        },
        "GWC": {
            "precision": 0.0,
            "recall": 0.0,
            "f1": 0
        },
        "XPRCO": {
            "precision": 0,
            "recall": 0.0,
            "f1": 0
        },
        "XVPR": {
            "precision": 0.0,
            "recall": 0.0,
            "f1": 0
        },
        "FM": {
            "precision": 0.0,
            "recall": 0,
            "f1": 0
        },
        "QC": {
            "precision": 0.0,
            "recall": 0,
            "f1": 0
        },
        "LP": {
            "precision": 0.0,
            "recall": 0.0,
            "f1": 0
        },
        "GADJCS": {
            "precision": 0.0,
            "recall": 0.0,
            "f1": 0
        },
        "WR": {
            "precision": 0.0,
            "recall": 0.0,
            "f1": 0
        },
        "GNN": {
            "precision": 0.0,
            "recall": 0.0,
            "f1": 0
        },
        "GADVO": {
            "precision": 0.0,
            "recall": 0.0,
            "f1": 0
        },
        "GVT": {
            "precision": 0.0,
            "recall": 0.0,
            "f1": 0
        },
        "XADJPR": {
            "precision": 0,
            "recall": 0.0,
            "f1": 0
        },
        "GVN": {
            "precision": 0.0,
            "recall": 0.0,
            "f1": 0
        },
        "GDO": {
            "precision": 0.0,
            "recall": 0,
            "f1": 0
        },
        "XNCO": {
            "precision": 0,
            "recall": 0.0,
            "f1": 0
        },
        "GDI": {
            "precision": 0.0,
            "recall": 0.0,
            "f1": 0
        },
        "LSADJ": {
            "precision": 0.0,
            "recall": 0.0,
            "f1": 0
        },
        "LCC": {
            "precision": 0,
            "recall": 0.0,
            "f1": 0
        },
        "GDD": {
            "precision": 0.0,
            "recall": 0,
            "f1": 0
        },
        "GADJO": {
            "precision": 0,
            "recall": 0.0,
            "f1": 0
        }
    },
    "epoch": 2
}