{
    "micro_precision": 0.41700404858299595,
    "micro_recall": 0.42916666666666664,
    "micro_f1": 0.4229979466119096,
    "macro_precision": 0.10497972340755848,
    "macro_recall": 0.12356409766048322,
    "macro_f1": 0.11040743782893275,
    "per_tag_metrics": {
        "WM": {
            "precision": 0.6666666666666666,
            "recall": 1.0,
            "f1": 0.8
        },
        "DMCC": {
            "precision": 0.7422680412371134,
            "recall": 0.8674698795180723,
            "f1": 0.7999999999999999
        },
        "GVAUX": {
            "precision": 0.6,
            "recall": 0.5,
            "f1": 0.5454545454545454
        },
        "FS": {
            "precision": 0.4444444444444444,
            "recall": 0.4,
            "f1": 0.4210526315789474
        },
        "LSV": {
            "precision": 0.4,
            "recall": 0.4,
            "f1": 0.4000000000000001
        },
        "GVNF": {
            "precision": 0.3333333333333333,
            "recall": 0.5,
            "f1": 0.4
        },
        "LSPR": {
            "precision": 0.23076923076923078,
            "recall": 0.6,
            "f1": 0.33333333333333337
        },
        "GA": {
            "precision": 0.25,
            "recall": 0.3,
            "f1": 0.2727272727272727
        },
        "GNN": {
            "precision": 0.25,
            "recall": 0.2,
            "f1": 0.22222222222222224
        },
        "GPP": {
            "precision": 0.16666666666666666,
            "recall": 0.2,
            "f1": 0.1818181818181818
        },
        "QM": {
            "precision": 0.2,
            "recall": 0.1111111111111111,
            "f1": 0.14285714285714285
        },
        "GVT": {
            "precision": 0.125,
            "recall": 0.1111111111111111,
            "f1": 0.11764705882352941
        },
        "GPF": {
            "precision": 0,
            "recall": 0.0,
            "f1": 0
        },
        "QL": {
            "precision": 0.0,
            "recall": 0,
            "f1": 0
        },
        "GDD": {
            "precision": 0.0,
            "recall": 0.0,
            "f1": 0
        },
        "Z": {
            "precision": 0.0,
            "recall": 0.0,
            "f1": 0
        },
        "GNC": {
            "precision": 0.0,
            "recall": 0.0,
            "f1": 0
        },
        "XVCO": {
            "precision": 0.0,
            "recall": 0.0,
            "f1": 0
        },
        "GADJCS": {
            "precision": 0.0,
            "recall": 0,
            "f1": 0
        },
        "LSN": {
            "precision": 0.0,
            "recall": 0.0,
            "f1": 0
        },
        "XVPR": {
            "precision": 0.0,
            "recall": 0.0,
            "f1": 0
        },
        "GDO": {
            "precision": 0.0,
            "recall": 0.0,
            "f1": 0
        },
        "GDT": {
            "precision": 0,
            "recall": 0.0,
            "f1": 0
        },
        "XADJCO": {
            "precision": 0.0,
            "recall": 0,
            "f1": 0
        },
        "GVN": {
            "precision": 0.0,
            "recall": 0.0,
            "f1": 0
        },
        "QC": {
            "precision": 0.0,
            "recall": 0.0,
            "f1": 0
        },
        "GADVO": {
            "precision": 0.0,
            "recall": 0.0,
            "f1": 0
        },
        "GWC": {
            "precision": 0.0,
            "recall": 0.0,
            "f1": 0
        },
        "LWCO": {
            "precision": 0.0,
            "recall": 0.0,
            "f1": 0
        },
        "WR": {
            "precision": 0.0,
            "recall": 0.0,
            "f1": 0
        },
        "XADJPR": {
            "precision": 0,
            "recall": 0.0,
            "f1": 0
        },
        "LSADJ": {
            "precision": 0.0,
            "recall": 0,
            "f1": 0
        },
        "GVM": {
            "precision": 0.0,
            "recall": 0,
            "f1": 0
        },
        "QR": {
            "precision": 0.0,
            "recall": 0.0,
            "f1": 0
        },
        "LP": {
            "precision": 0.0,
            "recall": 0.0,
            "f1": 0
        },
        "DMCA": {
            "precision": 0,
            "recall": 0.0,
            "f1": 0
        },
        "LSADV": {
            "precision": 0.0,
            "recall": 0.0,
            "f1": 0
        },
        "GPR": {
            "precision": 0.0,
            "recall": 0.0,
            "f1": 0
        },
        "LCS": {
            "precision": 0,
            "recall": 0.0,
            "f1": 0
        },
        "GADJO": {
            "precision": 0,
            "recall": 0.0,
            "f1": 0
        },
        "CSINTRA": {
            "precision": 0,
            "recall": 0.0,
            "f1": 0
        },
        "WO": {
            "precision": 0.0,
            "recall": 0.0,
            "f1": 0
        }
    },
    "epoch": 1
}