{
    "micro_precision": 0.2845528455284553,
    "micro_recall": 0.24390243902439024,
    "micro_f1": 0.26266416510318946,
    "macro_precision": 0.05953807652094067,
    "macro_recall": 0.0689432660362893,
    "macro_f1": 0.054571978409187705,
    "per_tag_metrics": {
        "FS": {
            "precision": 0.4594594594594595,
            "recall": 0.425,
            "f1": 0.44155844155844154
        },
        "DMCC": {
            "precision": 0.37719298245614036,
            "recall": 0.5,
            "f1": 0.43
        },
        "GADJCS": {
            "precision": 0.25,
            "recall": 1.0,
            "f1": 0.4
        },
        "CSINTRA": {
            "precision": 0.5,
            "recall": 0.16666666666666666,
            "f1": 0.25
        },
        "GA": {
            "precision": 0.16666666666666666,
            "recall": 0.15384615384615385,
            "f1": 0.16
        },
        "LSPR": {
            "precision": 0.18181818181818182,
            "recall": 0.14285714285714285,
            "f1": 0.16
        },
        "GVAUX": {
            "precision": 0.3333333333333333,
            "recall": 0.1,
            "f1": 0.15384615384615383
        },
        "GPP": {
            "precision": 0.125,
            "recall": 0.16666666666666666,
            "f1": 0.14285714285714288
        },
        "GVT": {
            "precision": 0.1111111111111111,
            "recall": 0.14285714285714285,
            "f1": 0.125
        },
        "GNN": {
            "precision": 0.05555555555555555,
            "recall": 0.16666666666666666,
            "f1": 0.08333333333333333
        },
        "XVPR": {
            "precision": 0.0,
            "recall": 0.0,
            "f1": 0
        },
        "GDO": {
            "precision": 0.0,
            "recall": 0.0,
            "f1": 0
        },
        "QC": {
            "precision": 0,
            "recall": 0.0,
            "f1": 0
        },
        "GADJCO": {
            "precision": 0.0,
            "recall": 0,
            "f1": 0
        },
        "GPR": {
            "precision": 0.0,
            "recall": 0.0,
            "f1": 0
        },
        "GVN": {
            "precision": 0,
            "recall": 0.0,
            "f1": 0
        },
        "LSV": {
            "precision": 0.0,
            "recall": 0.0,
            "f1": 0
        },
        "LP": {
            "precision": 0.0,
            "recall": 0.0,
            "f1": 0
        },
        "XADJPR": {
            "precision": 0,
            "recall": 0.0,
            "f1": 0
        },
        "LSN": {
            "precision": 0.0,
            "recall": 0.0,
            "f1": 0
        },
        "WM": {
            "precision": 0,
            "recall": 0.0,
            "f1": 0
        },
        "GWC": {
            "precision": 0.0,
            "recall": 0.0,
            "f1": 0
        },
        "CSINTER": {
            "precision": 0.0,
            "recall": 0.0,
            "f1": 0
        },
        "WO": {
            "precision": 0,
            "recall": 0.0,
            "f1": 0
        },
        "XVCO": {
            "precision": 0.0,
            "recall": 0.0,
            "f1": 0
        },
        "Z": {
            "precision": 0.0,
            "recall": 0.0,
            "f1": 0
        },
        "XNUC": {
            "precision": 0,
            "recall": 0.0,
            "f1": 0
        },
        "GVNF": {
            "precision": 0,
            "recall": 0.0,
            "f1": 0
        },
        "GVM": {
            "precision": 0,
            "recall": 0.0,
            "f1": 0
        },
        "XNPR": {
            "precision": 0,
            "recall": 0.0,
            "f1": 0
        },
        "GDD": {
            "precision": 0,
            "recall": 0.0,
            "f1": 0
        },
        "GDT": {
            "precision": 0,
            "recall": 0.0,
            "f1": 0
        },
        "LSADJ": {
            "precision": 0,
            "recall": 0.0,
            "f1": 0
        },
        "QM": {
            "precision": 0.0,
            "recall": 0.0,
            "f1": 0
        },
        "GDI": {
            "precision": 0,
            "recall": 0.0,
            "f1": 0
        },
        "LWCO": {
            "precision": 0.0,
            "recall": 0.0,
            "f1": 0
        },
        "LSADV": {
            "precision": 0,
            "recall": 0.0,
            "f1": 0
        },
        "GNC": {
            "precision": 0,
            "recall": 0.0,
            "f1": 0
        },
        "WR": {
            "precision": 0.0,
            "recall": 0.0,
            "f1": 0
        },
        "GPD": {
            "precision": 0,
            "recall": 0.0,
            "f1": 0
        },
        "FM": {
            "precision": 0,
            "recall": 0.0,
            "f1": 0
        },
        "DMCA": {
            "precision": 0,
            "recall": 0.0,
            "f1": 0
        },
        "GADVO": {
            "precision": 0,
            "recall": 0.0,
            "f1": 0
        }
    },
    "epoch": 2
}