{
    "micro_precision": 0.4666666666666667,
    "micro_recall": 0.45901639344262296,
    "micro_f1": 0.46280991735537197,
    "macro_precision": 0.3808626109290246,
    "macro_recall": 0.3320967347437936,
    "macro_f1": 0.34645025069129937,
    "per_tag_metrics": {
        "CODE-SWITCHING": {
            "precision": 1.0,
            "recall": 1.0,
            "f1": 1.0
        },
        "DIGITALLY-MEDIATED": {
            "precision": 0.8470588235294118,
            "recall": 0.8470588235294118,
            "f1": 0.8470588235294118
        },
        "PUNCTUATION": {
            "precision": 0.75,
            "recall": 0.375,
            "f1": 0.5
        },
        "FORM": {
            "precision": 0.5333333333333333,
            "recall": 0.3076923076923077,
            "f1": 0.3902439024390244
        },
        "GRAMMAR": {
            "precision": 0.27419354838709675,
            "recall": 0.2833333333333333,
            "f1": 0.2786885245901639
        },
        "LEXIS": {
            "precision": 0.18181818181818182,
            "recall": 0.21621621621621623,
            "f1": 0.19753086419753088
        },
        "LEXICO-GRAMMAR": {
            "precision": 0.1111111111111111,
            "recall": 0.16666666666666666,
            "f1": 0.13333333333333333
        },
        "WORD": {
            "precision": 0.1111111111111111,
            "recall": 0.125,
            "f1": 0.11764705882352941
        },
        "GRAMMARDJCS": {
            "precision": 0,
            "recall": 0.0,
            "f1": 0
        },
        "INFELICITIES": {
            "precision": 0.0,
            "recall": 0.0,
            "f1": 0
        }
    },
    "epoch": 2
}