{
    "micro_precision": 0.45787545787545786,
    "micro_recall": 0.4222972972972973,
    "micro_f1": 0.43936731107205623,
    "macro_precision": 0.1698098296896695,
    "macro_recall": 0.12319448760173568,
    "macro_f1": 0.12923669706444293,
    "per_tag_metrics": {
        "QC": {
            "precision": 1.0,
            "recall": 1.0,
            "f1": 1.0
        },
        "DMCC": {
            "precision": 0.822429906542056,
            "recall": 0.8712871287128713,
            "f1": 0.8461538461538461
        },
        "GVNF": {
            "precision": 1.0,
            "recall": 0.3333333333333333,
            "f1": 0.5
        },
        "LSPR": {
            "precision": 0.38461538461538464,
            "recall": 0.5,
            "f1": 0.4347826086956522
        },
        "LSV": {
            "precision": 0.4,
            "recall": 0.4,
            "f1": 0.4000000000000001
        },
        "GPR": {
            "precision": 0.3333333333333333,
            "recall": 0.5,
            "f1": 0.4
        },
        "WM": {
            "precision": 0.4,
            "recall": 0.3333333333333333,
            "f1": 0.3636363636363636
        },
        "FS": {
            "precision": 0.36363636363636365,
            "recall": 0.35294117647058826,
            "f1": 0.35820895522388063
        },
        "CSINTRA": {
            "precision": 1.0,
            "recall": 0.2,
            "f1": 0.33333333333333337
        },
        "GVN": {
            "precision": 1.0,
            "recall": 0.2,
            "f1": 0.33333333333333337
        },
        "GWC": {
            "precision": 0.3333333333333333,
            "recall": 0.3333333333333333,
            "f1": 0.3333333333333333
        },
        "LSN": {
            "precision": 0.16666666666666666,
            "recall": 0.3333333333333333,
            "f1": 0.2222222222222222
        },
        "GPP": {
            "precision": 0.4,
            "recall": 0.13333333333333333,
            "f1": 0.2
        },
        "QM": {
            "precision": 0.25,
            "recall": 0.14285714285714285,
            "f1": 0.18181818181818182
        },
        "GVT": {
            "precision": 0.16666666666666666,
            "recall": 0.16666666666666666,
            "f1": 0.16666666666666666
        },
        "GNN": {
            "precision": 0.2,
            "recall": 0.125,
            "f1": 0.15384615384615385
        },
        "GA": {
            "precision": 0.1,
            "recall": 0.1111111111111111,
            "f1": 0.10526315789473685
        },
        "Z": {
            "precision": 0.0,
            "recall": 0.0,
            "f1": 0
        },
        "GDT": {
            "precision": 0.0,
            "recall": 0.0,
            "f1": 0
        },
        "LP": {
            "precision": 0.0,
            "recall": 0.0,
            "f1": 0
        },
        "GDO": {
            "precision": 0.0,
            "recall": 0,
            "f1": 0
        },
        "GDP": {
            "precision": 0.0,
            "recall": 0,
            "f1": 0
        },
        "WO": {
            "precision": 0.0,
            "recall": 0.0,
            "f1": 0
        },
        "CSINTER": {
            "precision": 0.0,
            "recall": 0.0,
            "f1": 0
        },
        "GVAUX": {
            "precision": 0.0,
            "recall": 0.0,
            "f1": 0
        },
        "XPRCO": {
            "precision": 0,
            "recall": 0.0,
            "f1": 0
        },
        "GVM": {
            "precision": 0.0,
            "recall": 0.0,
            "f1": 0
        },
        "XNUC": {
            "precision": 0.0,
            "recall": 0,
            "f1": 0
        },
        "LCLC": {
            "precision": 0,
            "recall": 0.0,
            "f1": 0
        },
        "LCS": {
            "precision": 0.0,
            "recall": 0,
            "f1": 0
        },
        "LWCO": {
            "precision": 0.0,
            "recall": 0.0,
            "f1": 0
        },
        "QR": {
            "precision": 0,
            "recall": 0.0,
            "f1": 0
        },
        "QL": {
            "precision": 0,
            "recall": 0.0,
            "f1": 0
        },
        "GADVO": {
            "precision": 0.0,
            "recall": 0.0,
            "f1": 0
        },
        "XADJPR": {
            "precision": 0.0,
            "recall": 0,
            "f1": 0
        },
        "XVCO": {
            "precision": 0.0,
            "recall": 0.0,
            "f1": 0
        },
        "XADVPR": {
            "precision": 0,
            "recall": 0.0,
            "f1": 0
        },
        "WR": {
            "precision": 0.0,
            "recall": 0.0,
            "f1": 0
        },
        "XVPR": {
            "precision": 0.0,
            "recall": 0.0,
            "f1": 0
        },
        "DMCA": {
            "precision": 0,
            "recall": 0.0,
            "f1": 0
        },
        "GDD": {
            "precision": 0.0,
            "recall": 0,
            "f1": 0
        },
        "GPD": {
            "precision": 0,
            "recall": 0.0,
            "f1": 0
        },
        "GADJCS": {
            "precision": 0,
            "recall": 0.0,
            "f1": 0
        },
        "XNPR": {
            "precision": 0.0,
            "recall": 0,
            "f1": 0
        },
        "GNC": {
            "precision": 0.0,
            "recall": 0.0,
            "f1": 0
        },
        "LSADJ": {
            "precision": 0.0,
            "recall": 0.0,
            "f1": 0
        },
        "LSADV": {
            "precision": 0.0,
            "recall": 0.0,
            "f1": 0
        },
        "GDI": {
            "precision": 0.0,
            "recall": 0.0,
            "f1": 0
        },
        "KW": {
            "precision": 0.0,
            "recall": 0,
            "f1": 0
        }
    },
    "epoch": 2
}