{
    "micro_precision": 0.3605150214592275,
    "micro_recall": 0.35,
    "micro_f1": 0.3551797040169133,
    "macro_precision": 0.05962612687351363,
    "macro_recall": 0.08872952125964176,
    "macro_f1": 0.06415625062355987,
    "per_tag_metrics": {
        "DMCC": {
            "precision": 0.7804878048780488,
            "recall": 0.7710843373493976,
            "f1": 0.7757575757575758
        },
        "FS": {
            "precision": 0.35714285714285715,
            "recall": 0.3333333333333333,
            "f1": 0.3448275862068965
        },
        "GA": {
            "precision": 0.3333333333333333,
            "recall": 0.3,
            "f1": 0.3157894736842105
        },
        "GWC": {
            "precision": 0.16666666666666666,
            "recall": 1.0,
            "f1": 0.2857142857142857
        },
        "WM": {
            "precision": 0.16666666666666666,
            "recall": 0.5,
            "f1": 0.25
        },
        "LSV": {
            "precision": 0.2,
            "recall": 0.2,
            "f1": 0.20000000000000004
        },
        "GPP": {
            "precision": 0.125,
            "recall": 0.2,
            "f1": 0.15384615384615385
        },
        "GVT": {
            "precision": 0.16666666666666666,
            "recall": 0.1111111111111111,
            "f1": 0.13333333333333333
        },
        "QM": {
            "precision": 0.125,
            "recall": 0.1111111111111111,
            "f1": 0.11764705882352941
        },
        "LSPR": {
            "precision": 0.08333333333333333,
            "recall": 0.2,
            "f1": 0.11764705882352941
        },
        "GDD": {
            "precision": 0.0,
            "recall": 0.0,
            "f1": 0
        },
        "GVAUX": {
            "precision": 0.0,
            "recall": 0.0,
            "f1": 0
        },
        "GADJO": {
            "precision": 0,
            "recall": 0.0,
            "f1": 0
        },
        "XNUC": {
            "precision": 0.0,
            "recall": 0,
            "f1": 0
        },
        "WR": {
            "precision": 0.0,
            "recall": 0.0,
            "f1": 0
        },
        "LCS": {
            "precision": 0,
            "recall": 0.0,
            "f1": 0
        },
        "Z": {
            "precision": 0.0,
            "recall": 0.0,
            "f1": 0
        },
        "QR": {
            "precision": 0.0,
            "recall": 0.0,
            "f1": 0
        },
        "GADVO": {
            "precision": 0,
            "recall": 0.0,
            "f1": 0
        },
        "WO": {
            "precision": 0.0,
            "recall": 0.0,
            "f1": 0
        },
        "XADJCO": {
            "precision": 0.0,
            "recall": 0,
            "f1": 0
        },
        "GNN": {
            "precision": 0.0,
            "recall": 0.0,
            "f1": 0
        },
        "GDO": {
            "precision": 0.0,
            "recall": 0.0,
            "f1": 0
        },
        "CSINTRA": {
            "precision": 0.0,
            "recall": 0.0,
            "f1": 0
        },
        "LSN": {
            "precision": 0.0,
            "recall": 0.0,
            "f1": 0
        },
        "LWCO": {
            "precision": 0.0,
            "recall": 0.0,
            "f1": 0
        },
        "XNPR": {
            "precision": 0.0,
            "recall": 0,
            "f1": 0
        },
        "QC": {
            "precision": 0.0,
            "recall": 0.0,
            "f1": 0
        },
        "LSADV": {
            "precision": 0.0,
            "recall": 0.0,
            "f1": 0
        },
        "CSINTER": {
            "precision": 0.0,
            "recall": 0,
            "f1": 0
        },
        "GDT": {
            "precision": 0.0,
            "recall": 0.0,
            "f1": 0
        },
        "XADJPR": {
            "precision": 0,
            "recall": 0.0,
            "f1": 0
        },
        "XVPR": {
            "precision": 0.0,
            "recall": 0.0,
            "f1": 0
        },
        "GPF": {
            "precision": 0,
            "recall": 0.0,
            "f1": 0
        },
        "GNC": {
            "precision": 0.0,
            "recall": 0.0,
            "f1": 0
        },
        "DMCA": {
            "precision": 0,
            "recall": 0.0,
            "f1": 0
        },
        "GPR": {
            "precision": 0.0,
            "recall": 0.0,
            "f1": 0
        },
        "GVNF": {
            "precision": 0,
            "recall": 0.0,
            "f1": 0
        },
        "XVCO": {
            "precision": 0.0,
            "recall": 0.0,
            "f1": 0
        },
        "LSADJ": {
            "precision": 0.0,
            "recall": 0,
            "f1": 0
        },
        "LP": {
            "precision": 0.0,
            "recall": 0.0,
            "f1": 0
        },
        "GVN": {
            "precision": 0.0,
            "recall": 0.0,
            "f1": 0
        }
    },
    "epoch": 2
}