{
    "micro_precision": 0.18204488778054864,
    "micro_recall": 0.30416666666666664,
    "micro_f1": 0.22776911076443057,
    "macro_precision": 0.018033443938927467,
    "macro_recall": 0.0401247265484703,
    "macro_f1": 0.023948810037960587,
    "per_tag_metrics": {
        "DMCC": {
            "precision": 0.2898550724637681,
            "recall": 0.7228915662650602,
            "f1": 0.41379310344827586
        },
        "FS": {
            "precision": 0.16,
            "recall": 0.26666666666666666,
            "f1": 0.2
        },
        "QM": {
            "precision": 0.125,
            "recall": 0.2222222222222222,
            "f1": 0.16
        },
        "GVAUX": {
            "precision": 0.06451612903225806,
            "recall": 0.3333333333333333,
            "f1": 0.1081081081081081
        },
        "GNN": {
            "precision": 0.1,
            "recall": 0.1,
            "f1": 0.10000000000000002
        },
        "GVT": {
            "precision": 0.0,
            "recall": 0.0,
            "f1": 0
        },
        "GDO": {
            "precision": 0,
            "recall": 0.0,
            "f1": 0
        },
        "GADVO": {
            "precision": 0,
            "recall": 0.0,
            "f1": 0
        },
        "GDT": {
            "precision": 0,
            "recall": 0.0,
            "f1": 0
        },
        "GADJCS": {
            "precision": 0.0,
            "recall": 0,
            "f1": 0
        },
        "XVPR": {
            "precision": 0,
            "recall": 0.0,
            "f1": 0
        },
        "DMCA": {
            "precision": 0.0,
            "recall": 0.0,
            "f1": 0
        },
        "GA": {
            "precision": 0.0,
            "recall": 0.0,
            "f1": 0
        },
        "GDD": {
            "precision": 0,
            "recall": 0.0,
            "f1": 0
        },
        "GPF": {
            "precision": 0,
            "recall": 0.0,
            "f1": 0
        },
        "GNC": {
            "precision": 0.0,
            "recall": 0.0,
            "f1": 0
        },
        "QR": {
            "precision": 0,
            "recall": 0.0,
            "f1": 0
        },
        "XVCO": {
            "precision": 0.0,
            "recall": 0.0,
            "f1": 0
        },
        "Z": {
            "precision": 0,
            "recall": 0.0,
            "f1": 0
        },
        "WO": {
            "precision": 0,
            "recall": 0.0,
            "f1": 0
        },
        "LWCO": {
            "precision": 0.0,
            "recall": 0.0,
            "f1": 0
        },
        "LSADV": {
            "precision": 0,
            "recall": 0.0,
            "f1": 0
        },
        "GWC": {
            "precision": 0,
            "recall": 0.0,
            "f1": 0
        },
        "GVM": {
            "precision": 0.0,
            "recall": 0,
            "f1": 0
        },
        "QC": {
            "precision": 0.0,
            "recall": 0.0,
            "f1": 0
        },
        "LSV": {
            "precision": 0.0,
            "recall": 0.0,
            "f1": 0
        },
        "CSINTRA": {
            "precision": 0,
            "recall": 0.0,
            "f1": 0
        },
        "GPP": {
            "precision": 0.0,
            "recall": 0.0,
            "f1": 0
        },
        "WM": {
            "precision": 0,
            "recall": 0.0,
            "f1": 0
        },
        "GPR": {
            "precision": 0,
            "recall": 0.0,
            "f1": 0
        },
        "XADJPR": {
            "precision": 0,
            "recall": 0.0,
            "f1": 0
        },
        "LSPR": {
            "precision": 0.0,
            "recall": 0.0,
            "f1": 0
        },
        "GADJO": {
            "precision": 0,
            "recall": 0.0,
            "f1": 0
        },
        "GVNF": {
            "precision": 0,
            "recall": 0.0,
            "f1": 0
        },
        "LP": {
            "precision": 0,
            "recall": 0.0,
            "f1": 0
        },
        "XNCO": {
            "precision": 0.0,
            "recall": 0,
            "f1": 0
        },
        "GDI": {
            "precision": 0.0,
            "recall": 0,
            "f1": 0
        },
        "WR": {
            "precision": 0,
            "recall": 0.0,
            "f1": 0
        },
        "GVN": {
            "precision": 0,
            "recall": 0.0,
            "f1": 0
        },
        "LSN": {
            "precision": 0.0,
            "recall": 0.0,
            "f1": 0
        },
        "LCS": {
            "precision": 0,
            "recall": 0.0,
            "f1": 0
        }
    },
    "epoch": 2
}