{
    "micro_precision": 0.3443396226415094,
    "micro_recall": 0.29918032786885246,
    "micro_f1": 0.32017543859649117,
    "macro_precision": 0.085854127771421,
    "macro_recall": 0.0727946817668072,
    "macro_f1": 0.07414635089745596,
    "per_tag_metrics": {
        "GPI": {
            "precision": 1.0,
            "recall": 0.5,
            "f1": 0.6666666666666666
        },
        "DMCC": {
            "precision": 0.5934065934065934,
            "recall": 0.6585365853658537,
            "f1": 0.6242774566473989
        },
        "WM": {
            "precision": 0.5,
            "recall": 0.3333333333333333,
            "f1": 0.4
        },
        "FS": {
            "precision": 0.42105263157894735,
            "recall": 0.3076923076923077,
            "f1": 0.35555555555555557
        },
        "GPP": {
            "precision": 0.18181818181818182,
            "recall": 0.4,
            "f1": 0.25000000000000006
        },
        "QM": {
            "precision": 0.2,
            "recall": 0.25,
            "f1": 0.22222222222222224
        },
        "WO": {
            "precision": 0.3333333333333333,
            "recall": 0.14285714285714285,
            "f1": 0.2
        },
        "GA": {
            "precision": 0.18181818181818182,
            "recall": 0.15384615384615385,
            "f1": 0.16666666666666669
        },
        "GVT": {
            "precision": 0.08333333333333333,
            "recall": 0.2,
            "f1": 0.11764705882352941
        },
        "GNN": {
            "precision": 0.1111111111111111,
            "recall": 0.1111111111111111,
            "f1": 0.1111111111111111
        },
        "GWC": {
            "precision": 0,
            "recall": 0.0,
            "f1": 0
        },
        "LSPR": {
            "precision": 0.0,
            "recall": 0.0,
            "f1": 0
        },
        "LCC": {
            "precision": 0,
            "recall": 0.0,
            "f1": 0
        },
        "XVCO": {
            "precision": 0.0,
            "recall": 0.0,
            "f1": 0
        },
        "GDT": {
            "precision": 0.0,
            "recall": 0.0,
            "f1": 0
        },
        "GNC": {
            "precision": 0,
            "recall": 0.0,
            "f1": 0
        },
        "XNUC": {
            "precision": 0.0,
            "recall": 0,
            "f1": 0
        },
        "XADJPR": {
            "precision": 0,
            "recall": 0.0,
            "f1": 0
        },
        "GADJCS": {
            "precision": 0,
            "recall": 0.0,
            "f1": 0
        },
        "GADVO": {
            "precision": 0,
            "recall": 0.0,
            "f1": 0
        },
        "QC": {
            "precision": 0.0,
            "recall": 0,
            "f1": 0
        },
        "GVNF": {
            "precision": 0.0,
            "recall": 0,
            "f1": 0
        },
        "GVAUX": {
            "precision": 0.0,
            "recall": 0.0,
            "f1": 0
        },
        "LWCO": {
            "precision": 0.0,
            "recall": 0.0,
            "f1": 0
        },
        "LSADJ": {
            "precision": 0.0,
            "recall": 0.0,
            "f1": 0
        },
        "XVPR": {
            "precision": 0.0,
            "recall": 0.0,
            "f1": 0
        },
        "WR": {
            "precision": 0,
            "recall": 0.0,
            "f1": 0
        },
        "GPR": {
            "precision": 0,
            "recall": 0.0,
            "f1": 0
        },
        "Z": {
            "precision": 0,
            "recall": 0.0,
            "f1": 0
        },
        "LSV": {
            "precision": 0.0,
            "recall": 0.0,
            "f1": 0
        },
        "DMCA": {
            "precision": 0.0,
            "recall": 0.0,
            "f1": 0
        },
        "XPRCO": {
            "precision": 0,
            "recall": 0.0,
            "f1": 0
        },
        "LSN": {
            "precision": 0.0,
            "recall": 0.0,
            "f1": 0
        },
        "GVM": {
            "precision": 0.0,
            "recall": 0.0,
            "f1": 0
        },
        "GDI": {
            "precision": 0,
            "recall": 0.0,
            "f1": 0
        },
        "XNCO": {
            "precision": 0,
            "recall": 0.0,
            "f1": 0
        },
        "GADJO": {
            "precision": 0,
            "recall": 0.0,
            "f1": 0
        },
        "GVN": {
            "precision": 0,
            "recall": 0.0,
            "f1": 0
        },
        "CSINTER": {
            "precision": 0.0,
            "recall": 0.0,
            "f1": 0
        },
        "LSADV": {
            "precision": 0.0,
            "recall": 0.0,
            "f1": 0
        },
        "CSINTRA": {
            "precision": 0.0,
            "recall": 0,
            "f1": 0
        },
        "LP": {
            "precision": 0,
            "recall": 0.0,
            "f1": 0
        }
    },
    "epoch": 2
}