{
    "micro_precision": 0.5128205128205128,
    "micro_recall": 0.47297297297297297,
    "micro_f1": 0.49209138840070293,
    "macro_precision": 0.2517570806100218,
    "macro_recall": 0.2271538198572848,
    "macro_f1": 0.23713020237204607,
    "per_tag_metrics": {
        "DIGITALLY-MEDIATED": {
            "precision": 0.8518518518518519,
            "recall": 0.8846153846153846,
            "f1": 0.8679245283018868
        },
        "FORM": {
            "precision": 0.4444444444444444,
            "recall": 0.47058823529411764,
            "f1": 0.45714285714285713
        },
        "PUNCTUATION": {
            "precision": 0.375,
            "recall": 0.2727272727272727,
            "f1": 0.3157894736842105
        },
        "WORD": {
            "precision": 0.35294117647058826,
            "recall": 0.25,
            "f1": 0.2926829268292683
        },
        "GRAMMAR": {
            "precision": 0.3333333333333333,
            "recall": 0.2602739726027397,
            "f1": 0.2923076923076923
        },
        "LEXIS": {
            "precision": 0.16,
            "recall": 0.13333333333333333,
            "f1": 0.14545454545454545
        },
        "P": {
            "precision": 0.0,
            "recall": 0,
            "f1": 0
        },
        "LEXICO-GRAMMAR": {
            "precision": 0.0,
            "recall": 0.0,
            "f1": 0
        },
        "INFELICITIES": {
            "precision": 0.0,
            "recall": 0.0,
            "f1": 0
        },
        "CODE-SWITCHING": {
            "precision": 0.0,
            "recall": 0.0,
            "f1": 0
        }
    },
    "epoch": 2
}