{
    "micro_precision": 0.5081967213114754,
    "micro_recall": 0.4189189189189189,
    "micro_f1": 0.45925925925925926,
    "macro_precision": 0.14655370397841844,
    "macro_recall": 0.10883283566451883,
    "macro_f1": 0.11844240250861916,
    "per_tag_metrics": {
        "QC": {
            "precision": 1.0,
            "recall": 1.0,
            "f1": 1.0
        },
        "DMCC": {
            "precision": 0.822429906542056,
            "recall": 0.8712871287128713,
            "f1": 0.8461538461538461
        },
        "FS": {
            "precision": 0.6296296296296297,
            "recall": 0.5,
            "f1": 0.5573770491803278
        },
        "GVN": {
            "precision": 0.75,
            "recall": 0.3,
            "f1": 0.4285714285714285
        },
        "GPR": {
            "precision": 0.3333333333333333,
            "recall": 0.5,
            "f1": 0.4
        },
        "GA": {
            "precision": 0.3333333333333333,
            "recall": 0.3333333333333333,
            "f1": 0.3333333333333333
        },
        "XVCO": {
            "precision": 0.3333333333333333,
            "recall": 0.3333333333333333,
            "f1": 0.3333333333333333
        },
        "WM": {
            "precision": 0.5,
            "recall": 0.25,
            "f1": 0.3333333333333333
        },
        "GPP": {
            "precision": 0.5,
            "recall": 0.2,
            "f1": 0.28571428571428575
        },
        "GVAUX": {
            "precision": 0.5,
            "recall": 0.16666666666666666,
            "f1": 0.25
        },
        "LSV": {
            "precision": 0.25,
            "recall": 0.2,
            "f1": 0.22222222222222224
        },
        "QM": {
            "precision": 0.5,
            "recall": 0.14285714285714285,
            "f1": 0.22222222222222224
        },
        "LSPR": {
            "precision": 0.14285714285714285,
            "recall": 0.1,
            "f1": 0.11764705882352941
        },
        "CSINTRA": {
            "precision": 0,
            "recall": 0.0,
            "f1": 0
        },
        "XVPR": {
            "precision": 0.0,
            "recall": 0.0,
            "f1": 0
        },
        "LSADV": {
            "precision": 0,
            "recall": 0.0,
            "f1": 0
        },
        "LCS": {
            "precision": 0.0,
            "recall": 0,
            "f1": 0
        },
        "XADVPR": {
            "precision": 0,
            "recall": 0.0,
            "f1": 0
        },
        "DMCA": {
            "precision": 0,
            "recall": 0.0,
            "f1": 0
        },
        "GVNF": {
            "precision": 0.0,
            "recall": 0.0,
            "f1": 0
        },
        "CSINTER": {
            "precision": 0,
            "recall": 0.0,
            "f1": 0
        },
        "LSADJ": {
            "precision": 0.0,
            "recall": 0.0,
            "f1": 0
        },
        "LP": {
            "precision": 0.0,
            "recall": 0.0,
            "f1": 0
        },
        "QL": {
            "precision": 0,
            "recall": 0.0,
            "f1": 0
        },
        "Z": {
            "precision": 0.0,
            "recall": 0.0,
            "f1": 0
        },
        "XPRCO": {
            "precision": 0,
            "recall": 0.0,
            "f1": 0
        },
        "GPD": {
            "precision": 0,
            "recall": 0.0,
            "f1": 0
        },
        "GDD": {
            "precision": 0.0,
            "recall": 0,
            "f1": 0
        },
        "GADVO": {
            "precision": 0.0,
            "recall": 0.0,
            "f1": 0
        },
        "GVT": {
            "precision": 0.0,
            "recall": 0.0,
            "f1": 0
        },
        "GNN": {
            "precision": 0.0,
            "recall": 0.0,
            "f1": 0
        },
        "GWC": {
            "precision": 0,
            "recall": 0.0,
            "f1": 0
        },
        "WR": {
            "precision": 0.0,
            "recall": 0.0,
            "f1": 0
        },
        "LCLC": {
            "precision": 0,
            "recall": 0.0,
            "f1": 0
        },
        "QR": {
            "precision": 0,
            "recall": 0.0,
            "f1": 0
        },
        "XNUC": {
            "precision": 0.0,
            "recall": 0,
            "f1": 0
        },
        "GADJCO": {
            "precision": 0.0,
            "recall": 0,
            "f1": 0
        },
        "GDT": {
            "precision": 0.0,
            "recall": 0.0,
            "f1": 0
        },
        "GDI": {
            "precision": 0.0,
            "recall": 0.0,
            "f1": 0
        },
        "WO": {
            "precision": 0.0,
            "recall": 0.0,
            "f1": 0
        },
        "LWCO": {
            "precision": 0.0,
            "recall": 0.0,
            "f1": 0
        },
        "LSN": {
            "precision": 0.0,
            "recall": 0.0,
            "f1": 0
        },
        "GVM": {
            "precision": 0.0,
            "recall": 0.0,
            "f1": 0
        },
        "GNC": {
            "precision": 0.0,
            "recall": 0.0,
            "f1": 0
        },
        "GADJCS": {
            "precision": 0.0,
            "recall": 0.0,
            "f1": 0
        }
    },
    "epoch": 2
}