{
    "micro_precision": 0.35507246376811596,
    "micro_recall": 0.34146341463414637,
    "micro_f1": 0.3481349911190053,
    "macro_precision": 0.07812013414780214,
    "macro_recall": 0.07912417040324017,
    "macro_f1": 0.0743776222319288,
    "per_tag_metrics": {
        "DMCC": {
            "precision": 0.6630434782608695,
            "recall": 0.7093023255813954,
            "f1": 0.6853932584269663
        },
        "FS": {
            "precision": 0.525,
            "recall": 0.525,
            "f1": 0.525
        },
        "GDO": {
            "precision": 0.3333333333333333,
            "recall": 0.5,
            "f1": 0.4
        },
        "GVT": {
            "precision": 0.26666666666666666,
            "recall": 0.5714285714285714,
            "f1": 0.36363636363636365
        },
        "LSPR": {
            "precision": 0.3333333333333333,
            "recall": 0.35714285714285715,
            "f1": 0.3448275862068965
        },
        "GVN": {
            "precision": 0.5,
            "recall": 0.25,
            "f1": 0.3333333333333333
        },
        "GVAUX": {
            "precision": 0.4,
            "recall": 0.2,
            "f1": 0.26666666666666666
        },
        "LWCO": {
            "precision": 0.125,
            "recall": 0.125,
            "f1": 0.125
        },
        "GNN": {
            "precision": 0.09090909090909091,
            "recall": 0.16666666666666666,
            "f1": 0.11764705882352942
        },
        "GA": {
            "precision": 0.2,
            "recall": 0.07692307692307693,
            "f1": 0.1111111111111111
        },
        "QC": {
            "precision": 0.0,
            "recall": 0.0,
            "f1": 0
        },
        "LSADV": {
            "precision": 0.0,
            "recall": 0.0,
            "f1": 0
        },
        "GDI": {
            "precision": 0.0,
            "recall": 0.0,
            "f1": 0
        },
        "CSINTRA": {
            "precision": 0.0,
            "recall": 0.0,
            "f1": 0
        },
        "GPP": {
            "precision": 0.0,
            "recall": 0.0,
            "f1": 0
        },
        "FM": {
            "precision": 0,
            "recall": 0.0,
            "f1": 0
        },
        "WR": {
            "precision": 0.0,
            "recall": 0.0,
            "f1": 0
        },
        "GVM": {
            "precision": 0,
            "recall": 0.0,
            "f1": 0
        },
        "LSADJ": {
            "precision": 0.0,
            "recall": 0.0,
            "f1": 0
        },
        "GPD": {
            "precision": 0,
            "recall": 0.0,
            "f1": 0
        },
        "XVCO": {
            "precision": 0.0,
            "recall": 0.0,
            "f1": 0
        },
        "GADVO": {
            "precision": 0.0,
            "recall": 0.0,
            "f1": 0
        },
        "Z": {
            "precision": 0.0,
            "recall": 0.0,
            "f1": 0
        },
        "GNC": {
            "precision": 0.0,
            "recall": 0.0,
            "f1": 0
        },
        "CSINTER": {
            "precision": 0,
            "recall": 0.0,
            "f1": 0
        },
        "GDT": {
            "precision": 0,
            "recall": 0.0,
            "f1": 0
        },
        "XNPR": {
            "precision": 0.0,
            "recall": 0.0,
            "f1": 0
        },
        "GWC": {
            "precision": 0.0,
            "recall": 0.0,
            "f1": 0
        },
        "LSV": {
            "precision": 0.0,
            "recall": 0.0,
            "f1": 0
        },
        "LP": {
            "precision": 0.0,
            "recall": 0.0,
            "f1": 0
        },
        "DMCA": {
            "precision": 0,
            "recall": 0.0,
            "f1": 0
        },
        "XVPR": {
            "precision": 0.0,
            "recall": 0.0,
            "f1": 0
        },
        "QM": {
            "precision": 0.0,
            "recall": 0.0,
            "f1": 0
        },
        "XNUC": {
            "precision": 0,
            "recall": 0.0,
            "f1": 0
        },
        "WM": {
            "precision": 0.0,
            "recall": 0.0,
            "f1": 0
        },
        "GVNF": {
            "precision": 0,
            "recall": 0.0,
            "f1": 0
        },
        "GADJO": {
            "precision": 0.0,
            "recall": 0,
            "f1": 0
        },
        "GDD": {
            "precision": 0.0,
            "recall": 0.0,
            "f1": 0
        },
        "LCLC": {
            "precision": 0.0,
            "recall": 0,
            "f1": 0
        },
        "WO": {
            "precision": 0.0,
            "recall": 0.0,
            "f1": 0
        },
        "LSN": {
            "precision": 0.0,
            "recall": 0.0,
            "f1": 0
        },
        "GADJCS": {
            "precision": 0.0,
            "recall": 0.0,
            "f1": 0
        },
        "GPR": {
            "precision": 0.0,
            "recall": 0.0,
            "f1": 0
        },
        "XADJPR": {
            "precision": 0,
            "recall": 0.0,
            "f1": 0
        }
    },
    "epoch": 2
}