{
    "micro_precision": 0.5307262569832403,
    "micro_recall": 0.42035398230088494,
    "micro_f1": 0.46913580246913583,
    "macro_precision": 0.2647818701203401,
    "macro_recall": 0.20882010622103064,
    "macro_f1": 0.2310725419984679,
    "per_tag_metrics": {
        "DIGITALLY-MEDIATED": {
            "precision": 0.8987341772151899,
            "recall": 0.8554216867469879,
            "f1": 0.8765432098765433
        },
        "FORM": {
            "precision": 0.42857142857142855,
            "recall": 0.3333333333333333,
            "f1": 0.375
        },
        "PUNCTUATION": {
            "precision": 0.5,
            "recall": 0.2857142857142857,
            "f1": 0.36363636363636365
        },
        "GRAMMAR": {
            "precision": 0.17391304347826086,
            "recall": 0.1509433962264151,
            "f1": 0.16161616161616163
        },
        "LEXIS": {
            "precision": 0.18181818181818182,
            "recall": 0.14285714285714285,
            "f1": 0.16
        },
        "LEXICO-GRAMMAR": {
            "precision": 0.2,
            "recall": 0.1111111111111111,
            "f1": 0.14285714285714285
        },
        "INFELICITIES": {
            "precision": 0.0,
            "recall": 0.0,
            "f1": 0
        },
        "CODE-SWITCHING": {
            "precision": 0,
            "recall": 0.0,
            "f1": 0
        },
        "WORD": {
            "precision": 0.0,
            "recall": 0.0,
            "f1": 0
        }
    },
    "epoch": 2
}