{
    "micro_precision": 0.507177033492823,
    "micro_recall": 0.44166666666666665,
    "micro_f1": 0.47216035634743875,
    "macro_precision": 0.23611111111111113,
    "macro_recall": 0.17471128662351235,
    "macro_f1": 0.19135215807369832,
    "per_tag_metrics": {
        "DIGITALLY-MEDIATED": {
            "precision": 0.8888888888888888,
            "recall": 0.8571428571428571,
            "f1": 0.8727272727272727
        },
        "FORM": {
            "precision": 0.5833333333333334,
            "recall": 0.4666666666666667,
            "f1": 0.5185185185185186
        },
        "PUNCTUATION": {
            "precision": 0.6666666666666666,
            "recall": 0.18181818181818182,
            "f1": 0.28571428571428575
        },
        "GRAMMAR": {
            "precision": 0.23809523809523808,
            "recall": 0.25862068965517243,
            "f1": 0.24793388429752067
        },
        "LEXIS": {
            "precision": 0.09523809523809523,
            "recall": 0.09090909090909091,
            "f1": 0.09302325581395349
        },
        "WORD": {
            "precision": 0.125,
            "recall": 0.06666666666666667,
            "f1": 0.08695652173913045
        },
        "CODEX-GRAMMAR": {
            "precision": 0.0,
            "recall": 0,
            "f1": 0
        },
        "INFELICITIES": {
            "precision": 0,
            "recall": 0.0,
            "f1": 0
        },
        "LEXICO-GRAMMAR": {
            "precision": 0.0,
            "recall": 0.0,
            "f1": 0
        },
        "CODE-SWITCHING": {
            "precision": 0.0,
            "recall": 0.0,
            "f1": 0
        },
        "TERM": {
            "precision": 0.0,
            "recall": 0,
            "f1": 0
        }
    },
    "epoch": 0
}