{
    "micro_precision": 0.36075949367088606,
    "micro_recall": 0.504424778761062,
    "micro_f1": 0.4206642066420664,
    "macro_precision": 0.22713053075956302,
    "macro_recall": 0.2510732507748875,
    "macro_f1": 0.21283580544914962,
    "per_tag_metrics": {
        "DIGITALLY-MEDIATED": {
            "precision": 0.8295454545454546,
            "recall": 0.8795180722891566,
            "f1": 0.8538011695906433
        },
        "GRAMMAR": {
            "precision": 0.2857142857142857,
            "recall": 0.2641509433962264,
            "f1": 0.2745098039215686
        },
        "FORM": {
            "precision": 0.15384615384615385,
            "recall": 0.6666666666666666,
            "f1": 0.25
        },
        "CODE-SWITCHING": {
            "precision": 0.5,
            "recall": 0.14285714285714285,
            "f1": 0.22222222222222224
        },
        "LEXIS": {
            "precision": 0.16129032258064516,
            "recall": 0.17857142857142858,
            "f1": 0.1694915254237288
        },
        "PUNCTUATION": {
            "precision": 0.125,
            "recall": 0.14285714285714285,
            "f1": 0.13333333333333333
        },
        "WORD": {
            "precision": 0.125,
            "recall": 0.125,
            "f1": 0.125
        },
        "LEXICO-GRAMMAR": {
            "precision": 0.09090909090909091,
            "recall": 0.1111111111111111,
            "f1": 0.09999999999999999
        },
        "INFELICITIES": {
            "precision": 0.0,
            "recall": 0.0,
            "f1": 0
        },
        "TARGET": {
            "precision": 0.0,
            "recall": 0,
            "f1": 0
        }
    },
    "epoch": 1
}