{
    "micro_precision": 0.375,
    "micro_recall": 0.3344947735191638,
    "micro_f1": 0.3535911602209945,
    "macro_precision": 0.07437087096594693,
    "macro_recall": 0.07622353211331977,
    "macro_f1": 0.07323552682926109,
    "per_tag_metrics": {
        "DMCC": {
            "precision": 0.7228915662650602,
            "recall": 0.6976744186046512,
            "f1": 0.7100591715976331
        },
        "FS": {
            "precision": 0.47619047619047616,
            "recall": 0.5,
            "f1": 0.4878048780487805
        },
        "GVM": {
            "precision": 0.3333333333333333,
            "recall": 0.5,
            "f1": 0.4
        },
        "GVAUX": {
            "precision": 0.42857142857142855,
            "recall": 0.3,
            "f1": 0.3529411764705882
        },
        "LSPR": {
            "precision": 0.3076923076923077,
            "recall": 0.2857142857142857,
            "f1": 0.29629629629629634
        },
        "QM": {
            "precision": 0.3333333333333333,
            "recall": 0.2,
            "f1": 0.25
        },
        "GVN": {
            "precision": 0.2,
            "recall": 0.25,
            "f1": 0.22222222222222224
        },
        "GA": {
            "precision": 0.2222222222222222,
            "recall": 0.15384615384615385,
            "f1": 0.18181818181818185
        },
        "GVT": {
            "precision": 0.1111111111111111,
            "recall": 0.2857142857142857,
            "f1": 0.16
        },
        "GPP": {
            "precision": 0.14285714285714285,
            "recall": 0.16666666666666666,
            "f1": 0.15384615384615383
        },
        "GNN": {
            "precision": 0.14285714285714285,
            "recall": 0.16666666666666666,
            "f1": 0.15384615384615383
        },
        "WO": {
            "precision": 0.0,
            "recall": 0.0,
            "f1": 0
        },
        "XADJPR": {
            "precision": 0,
            "recall": 0.0,
            "f1": 0
        },
        "GPR": {
            "precision": 0.0,
            "recall": 0.0,
            "f1": 0
        },
        "GPD": {
            "precision": 0,
            "recall": 0.0,
            "f1": 0
        },
        "XVPR": {
            "precision": 0.0,
            "recall": 0.0,
            "f1": 0
        },
        "CSINTER": {
            "precision": 0,
            "recall": 0.0,
            "f1": 0
        },
        "VM": {
            "precision": 0.0,
            "recall": 0,
            "f1": 0
        },
        "GNC": {
            "precision": 0.0,
            "recall": 0.0,
            "f1": 0
        },
        "GDI": {
            "precision": 0,
            "recall": 0.0,
            "f1": 0
        },
        "XNUC": {
            "precision": 0.0,
            "recall": 0.0,
            "f1": 0
        },
        "XNPR": {
            "precision": 0,
            "recall": 0.0,
            "f1": 0
        },
        "QC": {
            "precision": 0,
            "recall": 0.0,
            "f1": 0
        },
        "GWC": {
            "precision": 0.0,
            "recall": 0.0,
            "f1": 0
        },
        "FM": {
            "precision": 0,
            "recall": 0.0,
            "f1": 0
        },
        "AUXV": {
            "precision": 0.0,
            "recall": 0,
            "f1": 0
        },
        "Z": {
            "precision": 0,
            "recall": 0.0,
            "f1": 0
        },
        "LSADV": {
            "precision": 0.0,
            "recall": 0.0,
            "f1": 0
        },
        "LSN": {
            "precision": 0.0,
            "recall": 0.0,
            "f1": 0
        },
        "LP": {
            "precision": 0.0,
            "recall": 0.0,
            "f1": 0
        },
        "WM": {
            "precision": 0.0,
            "recall": 0.0,
            "f1": 0
        },
        "GADVO": {
            "precision": 0.0,
            "recall": 0.0,
            "f1": 0
        },
        "GADJCS": {
            "precision": 0,
            "recall": 0.0,
            "f1": 0
        },
        "DMCA": {
            "precision": 0.0,
            "recall": 0.0,
            "f1": 0
        },
        "LSADJ": {
            "precision": 0.0,
            "recall": 0.0,
            "f1": 0
        },
        "GDT": {
            "precision": 0.0,
            "recall": 0.0,
            "f1": 0
        },
        "LWCO": {
            "precision": 0.0,
            "recall": 0.0,
            "f1": 0
        },
        "LNN": {
            "precision": 0.0,
            "recall": 0,
            "f1": 0
        },
        "WR": {
            "precision": 0.0,
            "recall": 0.0,
            "f1": 0
        },
        "CSINTRA": {
            "precision": 0,
            "recall": 0.0,
            "f1": 0
        },
        "GDD": {
            "precision": 0,
            "recall": 0.0,
            "f1": 0
        },
        "GVNF": {
            "precision": 0.0,
            "recall": 0.0,
            "f1": 0
        },
        "LSV": {
            "precision": 0.0,
            "recall": 0.0,
            "f1": 0
        },
        "GPI": {
            "precision": 0.0,
            "recall": 0,
            "f1": 0
        },
        "XVCO": {
            "precision": 0.0,
            "recall": 0.0,
            "f1": 0
        },
        "GDO": {
            "precision": 0.0,
            "recall": 0.0,
            "f1": 0
        }
    },
    "epoch": 2
}