{
    "micro_precision": 0.23790322580645162,
    "micro_recall": 0.24583333333333332,
    "micro_f1": 0.24180327868852458,
    "macro_precision": 0.025148710938184618,
    "macro_recall": 0.02383997528575842,
    "macro_f1": 0.02387801942563422,
    "per_tag_metrics": {
        "DMCC": {
            "precision": 0.42727272727272725,
            "recall": 0.5662650602409639,
            "f1": 0.48704663212435234
        },
        "CSINTRA": {
            "precision": 0.5,
            "recall": 0.3333333333333333,
            "f1": 0.4
        },
        "FS": {
            "precision": 0.32142857142857145,
            "recall": 0.3,
            "f1": 0.3103448275862069
        },
        "XVCO": {
            "precision": 0.3333333333333333,
            "recall": 0.25,
            "f1": 0.28571428571428575
        },
        "GA": {
            "precision": 0.05263157894736842,
            "recall": 0.1,
            "f1": 0.06896551724137931
        },
        "NPRN": {
            "precision": 0.0,
            "recall": 0,
            "f1": 0
        },
        "NVA": {
            "precision": 0.0,
            "recall": 0,
            "f1": 0
        },
        "LCS": {
            "precision": 0,
            "recall": 0.0,
            "f1": 0
        },
        "XVPR": {
            "precision": 0,
            "recall": 0.0,
            "f1": 0
        },
        "GVNF": {
            "precision": 0.0,
            "recall": 0.0,
            "f1": 0
        },
        "GVAUX": {
            "precision": 0.0,
            "recall": 0.0,
            "f1": 0
        },
        "GWC": {
            "precision": 0.0,
            "recall": 0.0,
            "f1": 0
        },
        "GPF": {
            "precision": 0,
            "recall": 0.0,
            "f1": 0
        },
        "LWCO": {
            "precision": 0.0,
            "recall": 0.0,
            "f1": 0
        },
        "GDD": {
            "precision": 0,
            "recall": 0.0,
            "f1": 0
        },
        "SP": {
            "precision": 0.0,
            "recall": 0,
            "f1": 0
        },
        "LWPR": {
            "precision": 0.0,
            "recall": 0,
            "f1": 0
        },
        "DMCA": {
            "precision": 0,
            "recall": 0.0,
            "f1": 0
        },
        "GDT": {
            "precision": 0,
            "recall": 0.0,
            "f1": 0
        },
        "QC": {
            "precision": 0.0,
            "recall": 0.0,
            "f1": 0
        },
        "WO": {
            "precision": 0.0,
            "recall": 0.0,
            "f1": 0
        },
        "XNCO": {
            "precision": 0.0,
            "recall": 0,
            "f1": 0
        },
        "VFC": {
            "precision": 0.0,
            "recall": 0,
            "f1": 0
        },
        "GVN": {
            "precision": 0.0,
            "recall": 0.0,
            "f1": 0
        },
        "GPR": {
            "precision": 0.0,
            "recall": 0.0,
            "f1": 0
        },
        "QR": {
            "precision": 0,
            "recall": 0.0,
            "f1": 0
        },
        "VMCO": {
            "precision": 0.0,
            "recall": 0,
            "f1": 0
        },
        "LSADV": {
            "precision": 0,
            "recall": 0.0,
            "f1": 0
        },
        "GADJO": {
            "precision": 0,
            "recall": 0.0,
            "f1": 0
        },
        "LSPR": {
            "precision": 0.0,
            "recall": 0.0,
            "f1": 0
        },
        "GADVO": {
            "precision": 0,
            "recall": 0.0,
            "f1": 0
        },
        "NV": {
            "precision": 0.0,
            "recall": 0,
            "f1": 0
        },
        "VA": {
            "precision": 0.0,
            "recall": 0,
            "f1": 0
        },
        "GDO": {
            "precision": 0,
            "recall": 0.0,
            "f1": 0
        },
        "LP": {
            "precision": 0.0,
            "recall": 0.0,
            "f1": 0
        },
        "VS": {
            "precision": 0.0,
            "recall": 0,
            "f1": 0
        },
        "DP": {
            "precision": 0.0,
            "recall": 0,
            "f1": 0
        },
        "PRON": {
            "precision": 0.0,
            "recall": 0,
            "f1": 0
        },
        "LSN": {
            "precision": 0.0,
            "recall": 0.0,
            "f1": 0
        },
        "Z": {
            "precision": 0,
            "recall": 0.0,
            "f1": 0
        },
        "NP": {
            "precision": 0.0,
            "recall": 0,
            "f1": 0
        },
        "GVT": {
            "precision": 0.0,
            "recall": 0.0,
            "f1": 0
        },
        "GVM": {
            "precision": 0.0,
            "recall": 0,
            "f1": 0
        },
        "XADJPR": {
            "precision": 0,
            "recall": 0.0,
            "f1": 0
        },
        "OSM": {
            "precision": 0.0,
            "recall": 0,
            "f1": 0
        },
        "TS": {
            "precision": 0.0,
            "recall": 0,
            "f1": 0
        },
        "QM": {
            "precision": 0.0,
            "recall": 0.0,
            "f1": 0
        },
        "PP": {
            "precision": 0.0,
            "recall": 0,
            "f1": 0
        },
        "WR": {
            "precision": 0,
            "recall": 0.0,
            "f1": 0
        },
        "GNC": {
            "precision": 0.0,
            "recall": 0.0,
            "f1": 0
        },
        "CO": {
            "precision": 0.0,
            "recall": 0,
            "f1": 0
        },
        "WM": {
            "precision": 0.0,
            "recall": 0.0,
            "f1": 0
        },
        "LCLC": {
            "precision": 0.0,
            "recall": 0,
            "f1": 0
        },
        "FM": {
            "precision": 0.0,
            "recall": 0,
            "f1": 0
        },
        "GPP": {
            "precision": 0.0,
            "recall": 0.0,
            "f1": 0
        },
        "PA": {
            "precision": 0.0,
            "recall": 0,
            "f1": 0
        },
        "PRP": {
            "precision": 0.0,
            "recall": 0,
            "f1": 0
        },
        "NAM": {
            "precision": 0.0,
            "recall": 0,
            "f1": 0
        },
        "NPA": {
            "precision": 0.0,
            "recall": 0,
            "f1": 0
        },
        "DMSUBJ": {
            "precision": 0.0,
            "recall": 0,
            "f1": 0
        },
        "GDN": {
            "precision": 0.0,
            "recall": 0,
            "f1": 0
        },
        "LSADJ": {
            "precision": 0.0,
            "recall": 0,
            "f1": 0
        },
        "LSV": {
            "precision": 0.0,
            "recall": 0.0,
            "f1": 0
        },
        "GNN": {
            "precision": 0.0,
            "recall": 0.0,
            "f1": 0
        },
        "POS": {
            "precision": 0.0,
            "recall": 0,
            "f1": 0
        }
    },
    "epoch": 0
}