{
    "micro_precision": 0.4474885844748858,
    "micro_recall": 0.4083333333333333,
    "micro_f1": 0.42701525054466233,
    "macro_precision": 0.18916170288674827,
    "macro_recall": 0.18349007314524554,
    "macro_f1": 0.18467964110135573,
    "per_tag_metrics": {
        "DIGITALLY-MEDIATED": {
            "precision": 0.8045977011494253,
            "recall": 0.8333333333333334,
            "f1": 0.8187134502923976
        },
        "FORM": {
            "precision": 0.4230769230769231,
            "recall": 0.36666666666666664,
            "f1": 0.3928571428571428
        },
        "GRAMMAR": {
            "precision": 0.2708333333333333,
            "recall": 0.22413793103448276,
            "f1": 0.24528301886792453
        },
        "PUNCTUATION": {
            "precision": 0.125,
            "recall": 0.09090909090909091,
            "f1": 0.10526315789473685
        },
        "LEXIS": {
            "precision": 0.07894736842105263,
            "recall": 0.13636363636363635,
            "f1": 0.09999999999999999
        },
        "CODE-SWITCHING": {
            "precision": 0.0,
            "recall": 0.0,
            "f1": 0
        },
        "WORD": {
            "precision": 0.0,
            "recall": 0.0,
            "f1": 0
        },
        "INFELICITIES": {
            "precision": 0,
            "recall": 0.0,
            "f1": 0
        },
        "LEXICO-GRAMMAR": {
            "precision": 0.0,
            "recall": 0.0,
            "f1": 0
        }
    },
    "epoch": 2
}