{
    "micro_precision": 0.149812734082397,
    "micro_recall": 0.2702702702702703,
    "micro_f1": 0.19277108433734938,
    "macro_precision": 0.0133551344548787,
    "macro_recall": 0.038562990844206814,
    "macro_f1": 0.01879069943689502,
    "per_tag_metrics": {
        "DMCC": {
            "precision": 0.3063063063063063,
            "recall": 0.6732673267326733,
            "f1": 0.42105263157894735
        },
        "GVAUX": {
            "precision": 0.07142857142857142,
            "recall": 0.3333333333333333,
            "f1": 0.11764705882352941
        },
        "QM": {
            "precision": 0.05555555555555555,
            "recall": 0.42857142857142855,
            "f1": 0.09836065573770493
        },
        "FS": {
            "precision": 0.05555555555555555,
            "recall": 0.14705882352941177,
            "f1": 0.08064516129032258
        },
        "GNN": {
            "precision": 0.058823529411764705,
            "recall": 0.125,
            "f1": 0.07999999999999999
        },
        "GPP": {
            "precision": 0.06666666666666667,
            "recall": 0.06666666666666667,
            "f1": 0.06666666666666667
        },
        "GNC": {
            "precision": 0.0,
            "recall": 0.0,
            "f1": 0
        },
        "LWCO": {
            "precision": 0.0,
            "recall": 0.0,
            "f1": 0
        },
        "GDI": {
            "precision": 0.0,
            "recall": 0.0,
            "f1": 0
        },
        "WO": {
            "precision": 0.0,
            "recall": 0.0,
            "f1": 0
        },
        "DMCA": {
            "precision": 0,
            "recall": 0.0,
            "f1": 0
        },
        "Z": {
            "precision": 0,
            "recall": 0.0,
            "f1": 0
        },
        "GPD": {
            "precision": 0,
            "recall": 0.0,
            "f1": 0
        },
        "GPR": {
            "precision": 0.0,
            "recall": 0.0,
            "f1": 0
        },
        "GVN": {
            "precision": 0.0,
            "recall": 0.0,
            "f1": 0
        },
        "GWC": {
            "precision": 0,
            "recall": 0.0,
            "f1": 0
        },
        "CSINTER": {
            "precision": 0,
            "recall": 0.0,
            "f1": 0
        },
        "GDD": {
            "precision": 0.0,
            "recall": 0,
            "f1": 0
        },
        "XVCO": {
            "precision": 0.0,
            "recall": 0.0,
            "f1": 0
        },
        "XNCO": {
            "precision": 0.0,
            "recall": 0,
            "f1": 0
        },
        "GDO": {
            "precision": 0.0,
            "recall": 0,
            "f1": 0
        },
        "LSPR": {
            "precision": 0.0,
            "recall": 0.0,
            "f1": 0
        },
        "LSN": {
            "precision": 0,
            "recall": 0.0,
            "f1": 0
        },
        "CSINTRA": {
            "precision": 0,
            "recall": 0.0,
            "f1": 0
        },
        "GADJCS": {
            "precision": 0.0,
            "recall": 0.0,
            "f1": 0
        },
        "LSADV": {
            "precision": 0,
            "recall": 0.0,
            "f1": 0
        },
        "LCLC": {
            "precision": 0,
            "recall": 0.0,
            "f1": 0
        },
        "GVT": {
            "precision": 0.0,
            "recall": 0.0,
            "f1": 0
        },
        "GADVO": {
            "precision": 0.0,
            "recall": 0.0,
            "f1": 0
        },
        "GVM": {
            "precision": 0.0,
            "recall": 0.0,
            "f1": 0
        },
        "QL": {
            "precision": 0,
            "recall": 0.0,
            "f1": 0
        },
        "QR": {
            "precision": 0,
            "recall": 0.0,
            "f1": 0
        },
        "GVNF": {
            "precision": 0,
            "recall": 0.0,
            "f1": 0
        },
        "WM": {
            "precision": 0.0,
            "recall": 0.0,
            "f1": 0
        },
        "GA": {
            "precision": 0.0,
            "recall": 0.0,
            "f1": 0
        },
        "WR": {
            "precision": 0,
            "recall": 0.0,
            "f1": 0
        },
        "XVPR": {
            "precision": 0,
            "recall": 0.0,
            "f1": 0
        },
        "LP": {
            "precision": 0,
            "recall": 0.0,
            "f1": 0
        },
        "GDT": {
            "precision": 0,
            "recall": 0.0,
            "f1": 0
        },
        "LSV": {
            "precision": 0,
            "recall": 0.0,
            "f1": 0
        },
        "LCC": {
            "precision": 0.0,
            "recall": 0,
            "f1": 0
        },
        "QC": {
            "precision": 0.0,
            "recall": 0.0,
            "f1": 0
        },
        "XPRCO": {
            "precision": 0,
            "recall": 0.0,
            "f1": 0
        },
        "LSADJ": {
            "precision": 0.0,
            "recall": 0.0,
            "f1": 0
        },
        "GADJO": {
            "precision": 0.0,
            "recall": 0,
            "f1": 0
        },
        "XADVPR": {
            "precision": 0,
            "recall": 0.0,
            "f1": 0
        }
    },
    "epoch": 2
}