{
    "micro_precision": 0.4457831325301205,
    "micro_recall": 0.45491803278688525,
    "micro_f1": 0.4503042596348884,
    "macro_precision": 0.26543841182581196,
    "macro_recall": 0.30174435271643646,
    "macro_f1": 0.2674142142621866,
    "per_tag_metrics": {
        "DIGITALLY-MEDIATED": {
            "precision": 0.8045977011494253,
            "recall": 0.8235294117647058,
            "f1": 0.813953488372093
        },
        "CODE-SWITCHING": {
            "precision": 0.5,
            "recall": 1.0,
            "f1": 0.6666666666666666
        },
        "FORM": {
            "precision": 0.5,
            "recall": 0.2692307692307692,
            "f1": 0.35000000000000003
        },
        "GRAMMAR": {
            "precision": 0.3387096774193548,
            "recall": 0.3559322033898305,
            "f1": 0.34710743801652894
        },
        "PUNCTUATION": {
            "precision": 0.3333333333333333,
            "recall": 0.25,
            "f1": 0.28571428571428575
        },
        "LEXICO-GRAMMAR": {
            "precision": 0.125,
            "recall": 0.3333333333333333,
            "f1": 0.18181818181818182
        },
        "LEXIS": {
            "precision": 0.13636363636363635,
            "recall": 0.16216216216216217,
            "f1": 0.14814814814814814
        },
        "WORD": {
            "precision": 0.18181818181818182,
            "recall": 0.125,
            "f1": 0.14814814814814814
        },
        "GRAMMARDVO": {
            "precision": 0,
            "recall": 0.0,
            "f1": 0
        },
        "GRAMMARDJCS": {
            "precision": 0.0,
            "recall": 0.0,
            "f1": 0
        },
        "INFELICITIES": {
            "precision": 0.0,
            "recall": 0.0,
            "f1": 0
        }
    },
    "epoch": 2
}