{
    "micro_precision": 0.16778523489932887,
    "micro_recall": 0.17421602787456447,
    "micro_f1": 0.17094017094017097,
    "macro_precision": 0.017005974810795178,
    "macro_recall": 0.02206508509228257,
    "macro_f1": 0.0187141250459069,
    "per_tag_metrics": {
        "DMCC": {
            "precision": 0.3644859813084112,
            "recall": 0.45348837209302323,
            "f1": 0.40414507772020725
        },
        "GNC": {
            "precision": 0.3333333333333333,
            "recall": 0.5,
            "f1": 0.4
        },
        "FS": {
            "precision": 0.11267605633802817,
            "recall": 0.2,
            "f1": 0.14414414414414414
        },
        "LSPR": {
            "precision": 0.14285714285714285,
            "recall": 0.07142857142857142,
            "f1": 0.09523809523809523
        },
        "GA": {
            "precision": 0.05,
            "recall": 0.07692307692307693,
            "f1": 0.060606060606060615
        },
        "LSV": {
            "precision": 0.0,
            "recall": 0.0,
            "f1": 0
        },
        "QM": {
            "precision": 0.0,
            "recall": 0.0,
            "f1": 0
        },
        "GVAUX": {
            "precision": 0.0,
            "recall": 0.0,
            "f1": 0
        },
        "XNPR": {
            "precision": 0,
            "recall": 0.0,
            "f1": 0
        },
        "GVT": {
            "precision": 0.0,
            "recall": 0.0,
            "f1": 0
        },
        "XVPR": {
            "precision": 0.0,
            "recall": 0.0,
            "f1": 0
        },
        "DMCA": {
            "precision": 0.0,
            "recall": 0.0,
            "f1": 0
        },
        "LSADV": {
            "precision": 0,
            "recall": 0.0,
            "f1": 0
        },
        "PRP": {
            "precision": 0.0,
            "recall": 0,
            "f1": 0
        },
        "C": {
            "precision": 0.0,
            "recall": 0,
            "f1": 0
        },
        "WO": {
            "precision": 0.0,
            "recall": 0.0,
            "f1": 0
        },
        "V": {
            "precision": 0.0,
            "recall": 0,
            "f1": 0
        },
        "LSADJ": {
            "precision": 0,
            "recall": 0.0,
            "f1": 0
        },
        "VFT": {
            "precision": 0.0,
            "recall": 0,
            "f1": 0
        },
        "PP": {
            "precision": 0.0,
            "recall": 0,
            "f1": 0
        },
        "GVM": {
            "precision": 0,
            "recall": 0.0,
            "f1": 0
        },
        "GPP": {
            "precision": 0.0,
            "recall": 0.0,
            "f1": 0
        },
        "CSINTRA": {
            "precision": 0.0,
            "recall": 0.0,
            "f1": 0
        },
        "OSV": {
            "precision": 0.0,
            "recall": 0,
            "f1": 0
        },
        "GDO": {
            "precision": 0,
            "recall": 0.0,
            "f1": 0
        },
        "PN": {
            "precision": 0.0,
            "recall": 0,
            "f1": 0
        },
        "GPD": {
            "precision": 0,
            "recall": 0.0,
            "f1": 0
        },
        "XNUC": {
            "precision": 0,
            "recall": 0.0,
            "f1": 0
        },
        "SP": {
            "precision": 0.0,
            "recall": 0,
            "f1": 0
        },
        "CSINTER": {
            "precision": 0,
            "recall": 0.0,
            "f1": 0
        },
        "WR": {
            "precision": 0,
            "recall": 0.0,
            "f1": 0
        },
        "GDT": {
            "precision": 0,
            "recall": 0.0,
            "f1": 0
        },
        "VS": {
            "precision": 0.0,
            "recall": 0,
            "f1": 0
        },
        "NMC": {
            "precision": 0.0,
            "recall": 0,
            "f1": 0
        },
        "FM": {
            "precision": 0,
            "recall": 0.0,
            "f1": 0
        },
        "GWC": {
            "precision": 0,
            "recall": 0.0,
            "f1": 0
        },
        "OS": {
            "precision": 0.0,
            "recall": 0,
            "f1": 0
        },
        "LSW": {
            "precision": 0.0,
            "recall": 0,
            "f1": 0
        },
        "LSN": {
            "precision": 0.0,
            "recall": 0.0,
            "f1": 0
        },
        "I": {
            "precision": 0.0,
            "recall": 0,
            "f1": 0
        },
        "LP": {
            "precision": 0.0,
            "recall": 0.0,
            "f1": 0
        },
        "XADJPR": {
            "precision": 0,
            "recall": 0.0,
            "f1": 0
        },
        "QC": {
            "precision": 0.0,
            "recall": 0.0,
            "f1": 0
        },
        "LWCO": {
            "precision": 0.0,
            "recall": 0.0,
            "f1": 0
        },
        "LSG": {
            "precision": 0.0,
            "recall": 0,
            "f1": 0
        },
        "GNN": {
            "precision": 0.0,
            "recall": 0.0,
            "f1": 0
        },
        "GPR": {
            "precision": 0.0,
            "recall": 0.0,
            "f1": 0
        },
        "GVNF": {
            "precision": 0,
            "recall": 0.0,
            "f1": 0
        },
        "GDD": {
            "precision": 0,
            "recall": 0.0,
            "f1": 0
        },
        "GVN": {
            "precision": 0.0,
            "recall": 0.0,
            "f1": 0
        },
        "WM": {
            "precision": 0.0,
            "recall": 0.0,
            "f1": 0
        },
        "TME": {
            "precision": 0.0,
            "recall": 0,
            "f1": 0
        },
        "GADVO": {
            "precision": 0,
            "recall": 0.0,
            "f1": 0
        },
        "XVCO": {
            "precision": 0.0,
            "recall": 0.0,
            "f1": 0
        },
        "VM": {
            "precision": 0.0,
            "recall": 0,
            "f1": 0
        },
        "GADJCS": {
            "precision": 0.0,
            "recall": 0.0,
            "f1": 0
        },
        "Z": {
            "precision": 0.0,
            "recall": 0.0,
            "f1": 0
        },
        "NPR": {
            "precision": 0.0,
            "recall": 0,
            "f1": 0
        },
        "GDI": {
            "precision": 0,
            "recall": 0.0,
            "f1": 0
        }
    },
    "epoch": 0
}