{
    "micro_precision": 0.5240384615384616,
    "micro_recall": 0.4823008849557522,
    "micro_f1": 0.5023041474654377,
    "macro_precision": 0.2460905752931615,
    "macro_recall": 0.22709040213965576,
    "macro_f1": 0.2325757703056449,
    "per_tag_metrics": {
        "DIGITALLY-MEDIATED": {
            "precision": 0.8620689655172413,
            "recall": 0.9036144578313253,
            "f1": 0.8823529411764707
        },
        "FORM": {
            "precision": 0.5454545454545454,
            "recall": 0.4444444444444444,
            "f1": 0.4897959183673469
        },
        "GRAMMAR": {
            "precision": 0.265625,
            "recall": 0.32075471698113206,
            "f1": 0.2905982905982906
        },
        "WORD": {
            "precision": 0.25,
            "recall": 0.125,
            "f1": 0.16666666666666666
        },
        "PUNCTUATION": {
            "precision": 0.125,
            "recall": 0.14285714285714285,
            "f1": 0.13333333333333333
        },
        "LEXIS": {
            "precision": 0.16666666666666666,
            "recall": 0.10714285714285714,
            "f1": 0.13043478260869565
        },
        "LEXICO-GRAMMAR": {
            "precision": 0.0,
            "recall": 0.0,
            "f1": 0
        },
        "CODE-SWITCHING": {
            "precision": 0.0,
            "recall": 0.0,
            "f1": 0
        },
        "INFELICITIES": {
            "precision": 0,
            "recall": 0.0,
            "f1": 0
        }
    },
    "epoch": 1
}