{
    "micro_precision": 0.45454545454545453,
    "micro_recall": 0.40540540540540543,
    "micro_f1": 0.42857142857142855,
    "macro_precision": 0.12005597019358488,
    "macro_recall": 0.0832406405906697,
    "macro_f1": 0.08931932773109244,
    "per_tag_metrics": {
        "DMCC": {
            "precision": 0.7706422018348624,
            "recall": 0.8316831683168316,
            "f1": 0.7999999999999999
        },
        "FS": {
            "precision": 0.6363636363636364,
            "recall": 0.4117647058823529,
            "f1": 0.5
        },
        "GA": {
            "precision": 0.375,
            "recall": 0.3333333333333333,
            "f1": 0.35294117647058826
        },
        "GVN": {
            "precision": 1.0,
            "recall": 0.2,
            "f1": 0.33333333333333337
        },
        "GPP": {
            "precision": 0.4,
            "recall": 0.26666666666666666,
            "f1": 0.32
        },
        "LSPR": {
            "precision": 0.3,
            "recall": 0.3,
            "f1": 0.3
        },
        "CSINTRA": {
            "precision": 0.5,
            "recall": 0.2,
            "f1": 0.28571428571428575
        },
        "GVAUX": {
            "precision": 0.25,
            "recall": 0.3333333333333333,
            "f1": 0.28571428571428575
        },
        "WM": {
            "precision": 0.6666666666666666,
            "recall": 0.16666666666666666,
            "f1": 0.26666666666666666
        },
        "GNN": {
            "precision": 0.25,
            "recall": 0.25,
            "f1": 0.25
        },
        "QM": {
            "precision": 0.15384615384615385,
            "recall": 0.2857142857142857,
            "f1": 0.2
        },
        "GVT": {
            "precision": 0.1,
            "recall": 0.16666666666666666,
            "f1": 0.125
        },
        "QC": {
            "precision": 0,
            "recall": 0.0,
            "f1": 0
        },
        "XNPR": {
            "precision": 0.0,
            "recall": 0,
            "f1": 0
        },
        "WR": {
            "precision": 0.0,
            "recall": 0.0,
            "f1": 0
        },
        "XVPR": {
            "precision": 0.0,
            "recall": 0.0,
            "f1": 0
        },
        "QL": {
            "precision": 0,
            "recall": 0.0,
            "f1": 0
        },
        "GDI": {
            "precision": 0.0,
            "recall": 0.0,
            "f1": 0
        },
        "QR": {
            "precision": 0,
            "recall": 0.0,
            "f1": 0
        },
        "LSADV": {
            "precision": 0.0,
            "recall": 0.0,
            "f1": 0
        },
        "LSV": {
            "precision": 0.0,
            "recall": 0.0,
            "f1": 0
        },
        "XPRCO": {
            "precision": 0,
            "recall": 0.0,
            "f1": 0
        },
        "XADVPR": {
            "precision": 0,
            "recall": 0.0,
            "f1": 0
        },
        "GADJCS": {
            "precision": 0.0,
            "recall": 0.0,
            "f1": 0
        },
        "LWCO": {
            "precision": 0.0,
            "recall": 0.0,
            "f1": 0
        },
        "CSINTER": {
            "precision": 0,
            "recall": 0.0,
            "f1": 0
        },
        "GDT": {
            "precision": 0.0,
            "recall": 0.0,
            "f1": 0
        },
        "GADVO": {
            "precision": 0,
            "recall": 0.0,
            "f1": 0
        },
        "WO": {
            "precision": 0.0,
            "recall": 0.0,
            "f1": 0
        },
        "LP": {
            "precision": 0.0,
            "recall": 0.0,
            "f1": 0
        },
        "GWC": {
            "precision": 0.0,
            "recall": 0.0,
            "f1": 0
        },
        "XVCO": {
            "precision": 0.0,
            "recall": 0.0,
            "f1": 0
        },
        "LSADJ": {
            "precision": 0.0,
            "recall": 0.0,
            "f1": 0
        },
        "GPD": {
            "precision": 0.0,
            "recall": 0.0,
            "f1": 0
        },
        "LSN": {
            "precision": 0.0,
            "recall": 0.0,
            "f1": 0
        },
        "GADJ": {
            "precision": 0.0,
            "recall": 0,
            "f1": 0
        },
        "DMCA": {
            "precision": 0.0,
            "recall": 0.0,
            "f1": 0
        },
        "Z": {
            "precision": 0.0,
            "recall": 0.0,
            "f1": 0
        },
        "GVM": {
            "precision": 0.0,
            "recall": 0.0,
            "f1": 0
        },
        "GNC": {
            "precision": 0.0,
            "recall": 0.0,
            "f1": 0
        },
        "GDO": {
            "precision": 0.0,
            "recall": 0,
            "f1": 0
        },
        "GVNF": {
            "precision": 0,
            "recall": 0.0,
            "f1": 0
        },
        "LCLC": {
            "precision": 0,
            "recall": 0.0,
            "f1": 0
        },
        "XADJPR": {
            "precision": 0.0,
            "recall": 0,
            "f1": 0
        },
        "GPR": {
            "precision": 0.0,
            "recall": 0.0,
            "f1": 0
        }
    },
    "epoch": 2
}