{
    "micro_precision": 0.17647058823529413,
    "micro_recall": 0.275,
    "micro_f1": 0.21498371335504887,
    "macro_precision": 0.03966038834459887,
    "macro_recall": 0.03636928667049149,
    "macro_f1": 0.025594203321987353,
    "per_tag_metrics": {
        "DMCC": {
            "precision": 0.34502923976608185,
            "recall": 0.7108433734939759,
            "f1": 0.4645669291338582
        },
        "GA": {
            "precision": 1.0,
            "recall": 0.1,
            "f1": 0.18181818181818182
        },
        "LSPR": {
            "precision": 0.09090909090909091,
            "recall": 0.2,
            "f1": 0.12500000000000003
        },
        "XVCO": {
            "precision": 0.08333333333333333,
            "recall": 0.25,
            "f1": 0.125
        },
        "FS": {
            "precision": 0.09090909090909091,
            "recall": 0.1,
            "f1": 0.09523809523809525
        },
        "GVAUX": {
            "precision": 0.05555555555555555,
            "recall": 0.16666666666666666,
            "f1": 0.08333333333333333
        },
        "GADJO": {
            "precision": 0,
            "recall": 0.0,
            "f1": 0
        },
        "QM": {
            "precision": 0.0,
            "recall": 0.0,
            "f1": 0
        },
        "GVN": {
            "precision": 0,
            "recall": 0.0,
            "f1": 0
        },
        "GPR": {
            "precision": 0,
            "recall": 0.0,
            "f1": 0
        },
        "GVNF": {
            "precision": 0,
            "recall": 0.0,
            "f1": 0
        },
        "GPF": {
            "precision": 0,
            "recall": 0.0,
            "f1": 0
        },
        "LSADV": {
            "precision": 0,
            "recall": 0.0,
            "f1": 0
        },
        "LWCO": {
            "precision": 0.0,
            "recall": 0.0,
            "f1": 0
        },
        "LP": {
            "precision": 0,
            "recall": 0.0,
            "f1": 0
        },
        "GVM": {
            "precision": 0.0,
            "recall": 0,
            "f1": 0
        },
        "GPP": {
            "precision": 0.0,
            "recall": 0.0,
            "f1": 0
        },
        "WR": {
            "precision": 0,
            "recall": 0.0,
            "f1": 0
        },
        "GADVO": {
            "precision": 0.0,
            "recall": 0.0,
            "f1": 0
        },
        "LCS": {
            "precision": 0,
            "recall": 0.0,
            "f1": 0
        },
        "GVT": {
            "precision": 0.0,
            "recall": 0.0,
            "f1": 0
        },
        "GDT": {
            "precision": 0,
            "recall": 0.0,
            "f1": 0
        },
        "GNN": {
            "precision": 0.0,
            "recall": 0.0,
            "f1": 0
        },
        "CSINTRA": {
            "precision": 0,
            "recall": 0.0,
            "f1": 0
        },
        "GWC": {
            "precision": 0,
            "recall": 0.0,
            "f1": 0
        },
        "GNC": {
            "precision": 0.0,
            "recall": 0.0,
            "f1": 0
        },
        "DMCA": {
            "precision": 0,
            "recall": 0.0,
            "f1": 0
        },
        "LSV": {
            "precision": 0.0,
            "recall": 0.0,
            "f1": 0
        },
        "WM": {
            "precision": 0.0,
            "recall": 0.0,
            "f1": 0
        },
        "GDI": {
            "precision": 0.0,
            "recall": 0,
            "f1": 0
        },
        "Z": {
            "precision": 0,
            "recall": 0.0,
            "f1": 0
        },
        "LSN": {
            "precision": 0.0,
            "recall": 0.0,
            "f1": 0
        },
        "XNPR": {
            "precision": 0.0,
            "recall": 0,
            "f1": 0
        },
        "XADJCO": {
            "precision": 0.0,
            "recall": 0,
            "f1": 0
        },
        "XADJPR": {
            "precision": 0,
            "recall": 0.0,
            "f1": 0
        },
        "QR": {
            "precision": 0,
            "recall": 0.0,
            "f1": 0
        },
        "QC": {
            "precision": 0,
            "recall": 0.0,
            "f1": 0
        },
        "GDD": {
            "precision": 0,
            "recall": 0.0,
            "f1": 0
        },
        "GADJCS": {
            "precision": 0.0,
            "recall": 0,
            "f1": 0
        },
        "XVPR": {
            "precision": 0.0,
            "recall": 0.0,
            "f1": 0
        },
        "WO": {
            "precision": 0.0,
            "recall": 0.0,
            "f1": 0
        },
        "GDO": {
            "precision": 0,
            "recall": 0.0,
            "f1": 0
        }
    },
    "epoch": 2
}