{
    "micro_precision": 0.38461538461538464,
    "micro_recall": 0.219435736677116,
    "micro_f1": 0.2794411177644711,
    "macro_precision": 0.1291550197996739,
    "macro_recall": 0.09767485282949201,
    "macro_f1": 0.10930052155542352,
    "per_tag_metrics": {
        "DIGITALLY-MEDIATED": {
            "precision": 0.6444444444444445,
            "recall": 0.5979381443298969,
            "f1": 0.6203208556149733
        },
        "FORM": {
            "precision": 0.3125,
            "recall": 0.17857142857142858,
            "f1": 0.22727272727272727
        },
        "GRAMMAR": {
            "precision": 0.09433962264150944,
            "recall": 0.054945054945054944,
            "f1": 0.06944444444444445
        },
        "LEXIS": {
            "precision": 0.1111111111111111,
            "recall": 0.047619047619047616,
            "f1": 0.06666666666666667
        },
        "INFELICITIES": {
            "precision": 0,
            "recall": 0.0,
            "f1": 0
        },
        "LEXICO-GRAMMAR": {
            "precision": 0.0,
            "recall": 0.0,
            "f1": 0
        },
        "CODE-SWITCHING": {
            "precision": 0,
            "recall": 0.0,
            "f1": 0
        },
        "WORD": {
            "precision": 0,
            "recall": 0.0,
            "f1": 0
        },
        "PUNCTUATION": {
            "precision": 0,
            "recall": 0.0,
            "f1": 0
        }
    },
    "epoch": 0
}