{
    "micro_precision": 0.4349315068493151,
    "micro_recall": 0.42905405405405406,
    "micro_f1": 0.4319727891156463,
    "macro_precision": 0.11365586365586365,
    "macro_recall": 0.09243750924462195,
    "macro_f1": 0.09544770281227981,
    "per_tag_metrics": {
        "DMCC": {
            "precision": 0.8018018018018018,
            "recall": 0.8811881188118812,
            "f1": 0.8396226415094339
        },
        "WM": {
            "precision": 0.8333333333333334,
            "recall": 0.4166666666666667,
            "f1": 0.5555555555555556
        },
        "FS": {
            "precision": 0.5,
            "recall": 0.4117647058823529,
            "f1": 0.45161290322580644
        },
        "QM": {
            "precision": 0.6666666666666666,
            "recall": 0.2857142857142857,
            "f1": 0.4
        },
        "GNN": {
            "precision": 0.42857142857142855,
            "recall": 0.375,
            "f1": 0.39999999999999997
        },
        "GPR": {
            "precision": 0.25,
            "recall": 0.5,
            "f1": 0.3333333333333333
        },
        "GVAUX": {
            "precision": 0.3333333333333333,
            "recall": 0.3333333333333333,
            "f1": 0.3333333333333333
        },
        "GVN": {
            "precision": 0.6666666666666666,
            "recall": 0.2,
            "f1": 0.30769230769230765
        },
        "GA": {
            "precision": 0.2727272727272727,
            "recall": 0.3333333333333333,
            "f1": 0.3
        },
        "GPP": {
            "precision": 0.2857142857142857,
            "recall": 0.13333333333333333,
            "f1": 0.18181818181818182
        },
        "LSPR": {
            "precision": 0.16666666666666666,
            "recall": 0.2,
            "f1": 0.1818181818181818
        },
        "LSV": {
            "precision": 0.125,
            "recall": 0.2,
            "f1": 0.15384615384615385
        },
        "GVT": {
            "precision": 0.125,
            "recall": 0.16666666666666666,
            "f1": 0.14285714285714288
        },
        "QC": {
            "precision": 0.0,
            "recall": 0.0,
            "f1": 0
        },
        "GADVO": {
            "precision": 0.0,
            "recall": 0.0,
            "f1": 0
        },
        "LS": {
            "precision": 0.0,
            "recall": 0,
            "f1": 0
        },
        "Z": {
            "precision": 0.0,
            "recall": 0.0,
            "f1": 0
        },
        "LP": {
            "precision": 0.0,
            "recall": 0.0,
            "f1": 0
        },
        "GPD": {
            "precision": 0,
            "recall": 0.0,
            "f1": 0
        },
        "QR": {
            "precision": 0,
            "recall": 0.0,
            "f1": 0
        },
        "WR": {
            "precision": 0.0,
            "recall": 0.0,
            "f1": 0
        },
        "GPI": {
            "precision": 0.0,
            "recall": 0,
            "f1": 0
        },
        "CSINTRA": {
            "precision": 0.0,
            "recall": 0.0,
            "f1": 0
        },
        "XADJCO": {
            "precision": 0.0,
            "recall": 0,
            "f1": 0
        },
        "GVNF": {
            "precision": 0.0,
            "recall": 0.0,
            "f1": 0
        },
        "GWC": {
            "precision": 0.0,
            "recall": 0.0,
            "f1": 0
        },
        "GADJCS": {
            "precision": 0,
            "recall": 0.0,
            "f1": 0
        },
        "GM": {
            "precision": 0.0,
            "recall": 0,
            "f1": 0
        },
        "LSADV": {
            "precision": 0.0,
            "recall": 0.0,
            "f1": 0
        },
        "LCS": {
            "precision": 0.0,
            "recall": 0,
            "f1": 0
        },
        "CSINTER": {
            "precision": 0.0,
            "recall": 0.0,
            "f1": 0
        },
        "GDT": {
            "precision": 0.0,
            "recall": 0.0,
            "f1": 0
        },
        "QL": {
            "precision": 0,
            "recall": 0.0,
            "f1": 0
        },
        "WOOF": {
            "precision": 0.0,
            "recall": 0,
            "f1": 0
        },
        "XVPR": {
            "precision": 0.0,
            "recall": 0.0,
            "f1": 0
        },
        "GNC": {
            "precision": 0,
            "recall": 0.0,
            "f1": 0
        },
        "GDO": {
            "precision": 0.0,
            "recall": 0,
            "f1": 0
        },
        "XPRCO": {
            "precision": 0,
            "recall": 0.0,
            "f1": 0
        },
        "LWCO": {
            "precision": 0.0,
            "recall": 0.0,
            "f1": 0
        },
        "XADVPR": {
            "precision": 0,
            "recall": 0.0,
            "f1": 0
        },
        "LSN": {
            "precision": 0.0,
            "recall": 0.0,
            "f1": 0
        },
        "LSADJ": {
            "precision": 0,
            "recall": 0.0,
            "f1": 0
        },
        "GVM": {
            "precision": 0,
            "recall": 0.0,
            "f1": 0
        },
        "LCLC": {
            "precision": 0,
            "recall": 0.0,
            "f1": 0
        },
        "XVCO": {
            "precision": 0.0,
            "recall": 0.0,
            "f1": 0
        },
        "WO": {
            "precision": 0.0,
            "recall": 0.0,
            "f1": 0
        },
        "GDI": {
            "precision": 0.0,
            "recall": 0.0,
            "f1": 0
        },
        "DMCA": {
            "precision": 0.0,
            "recall": 0.0,
            "f1": 0
        }
    },
    "epoch": 1
}