{
    "micro_precision": 0.18430034129692832,
    "micro_recall": 0.18815331010452963,
    "micro_f1": 0.18620689655172415,
    "macro_precision": 0.013661344376531728,
    "macro_recall": 0.019533839890865767,
    "macro_f1": 0.01570732288735963,
    "per_tag_metrics": {
        "DMCC": {
            "precision": 0.41509433962264153,
            "recall": 0.5116279069767442,
            "f1": 0.45833333333333337
        },
        "GNC": {
            "precision": 0.25,
            "recall": 0.5,
            "f1": 0.3333333333333333
        },
        "GA": {
            "precision": 0.1,
            "recall": 0.15384615384615385,
            "f1": 0.12121212121212123
        },
        "FS": {
            "precision": 0.09375,
            "recall": 0.15,
            "f1": 0.11538461538461538
        },
        "LSPR": {
            "precision": 0.1111111111111111,
            "recall": 0.07142857142857142,
            "f1": 0.08695652173913043
        },
        "GVN": {
            "precision": 0,
            "recall": 0.0,
            "f1": 0
        },
        "XADJPR": {
            "precision": 0,
            "recall": 0.0,
            "f1": 0
        },
        "GVM": {
            "precision": 0,
            "recall": 0.0,
            "f1": 0
        },
        "PRO": {
            "precision": 0.0,
            "recall": 0,
            "f1": 0
        },
        "LSADJ": {
            "precision": 0,
            "recall": 0.0,
            "f1": 0
        },
        "PN": {
            "precision": 0.0,
            "recall": 0,
            "f1": 0
        },
        "XNCO": {
            "precision": 0.0,
            "recall": 0,
            "f1": 0
        },
        "GDD": {
            "precision": 0.0,
            "recall": 0.0,
            "f1": 0
        },
        "GPR": {
            "precision": 0.0,
            "recall": 0.0,
            "f1": 0
        },
        "WM": {
            "precision": 0.0,
            "recall": 0.0,
            "f1": 0
        },
        "GVNF": {
            "precision": 0,
            "recall": 0.0,
            "f1": 0
        },
        "QM": {
            "precision": 0.0,
            "recall": 0.0,
            "f1": 0
        },
        "V": {
            "precision": 0.0,
            "recall": 0,
            "f1": 0
        },
        "GADVO": {
            "precision": 0,
            "recall": 0.0,
            "f1": 0
        },
        "XN": {
            "precision": 0.0,
            "recall": 0,
            "f1": 0
        },
        "TME": {
            "precision": 0.0,
            "recall": 0,
            "f1": 0
        },
        "WO": {
            "precision": 0.0,
            "recall": 0.0,
            "f1": 0
        },
        "I": {
            "precision": 0.0,
            "recall": 0,
            "f1": 0
        },
        "GWC": {
            "precision": 0.0,
            "recall": 0.0,
            "f1": 0
        },
        "GVT": {
            "precision": 0.0,
            "recall": 0.0,
            "f1": 0
        },
        "FM": {
            "precision": 0,
            "recall": 0.0,
            "f1": 0
        },
        "PREP": {
            "precision": 0.0,
            "recall": 0,
            "f1": 0
        },
        "LP": {
            "precision": 0,
            "recall": 0.0,
            "f1": 0
        },
        "GNN": {
            "precision": 0.0,
            "recall": 0.0,
            "f1": 0
        },
        "WR": {
            "precision": 0,
            "recall": 0.0,
            "f1": 0
        },
        "XNPR": {
            "precision": 0,
            "recall": 0.0,
            "f1": 0
        },
        "XVCO": {
            "precision": 0.0,
            "recall": 0.0,
            "f1": 0
        },
        "GADJCS": {
            "precision": 0.0,
            "recall": 0.0,
            "f1": 0
        },
        "VM": {
            "precision": 0.0,
            "recall": 0,
            "f1": 0
        },
        "NNS": {
            "precision": 0.0,
            "recall": 0,
            "f1": 0
        },
        "LSADV": {
            "precision": 0,
            "recall": 0.0,
            "f1": 0
        },
        "GPRP": {
            "precision": 0.0,
            "recall": 0,
            "f1": 0
        },
        "NNE": {
            "precision": 0.0,
            "recall": 0,
            "f1": 0
        },
        "GPD": {
            "precision": 0,
            "recall": 0.0,
            "f1": 0
        },
        "GVC": {
            "precision": 0.0,
            "recall": 0,
            "f1": 0
        },
        "VFT": {
            "precision": 0.0,
            "recall": 0,
            "f1": 0
        },
        "GDI": {
            "precision": 0,
            "recall": 0.0,
            "f1": 0
        },
        "SP": {
            "precision": 0.0,
            "recall": 0,
            "f1": 0
        },
        "LWCO": {
            "precision": 0.0,
            "recall": 0.0,
            "f1": 0
        },
        "QC": {
            "precision": 0.0,
            "recall": 0.0,
            "f1": 0
        },
        "GDT": {
            "precision": 0,
            "recall": 0.0,
            "f1": 0
        },
        "OSM": {
            "precision": 0.0,
            "recall": 0,
            "f1": 0
        },
        "C": {
            "precision": 0.0,
            "recall": 0,
            "f1": 0
        },
        "GVAUX": {
            "precision": 0.0,
            "recall": 0.0,
            "f1": 0
        },
        "IO": {
            "precision": 0.0,
            "recall": 0,
            "f1": 0
        },
        "XVPR": {
            "precision": 0.0,
            "recall": 0.0,
            "f1": 0
        },
        "CSINTRA": {
            "precision": 0.0,
            "recall": 0.0,
            "f1": 0
        },
        "OSV": {
            "precision": 0.0,
            "recall": 0,
            "f1": 0
        },
        "XNUC": {
            "precision": 0,
            "recall": 0.0,
            "f1": 0
        },
        "NNU": {
            "precision": 0.0,
            "recall": 0,
            "f1": 0
        },
        "PRP": {
            "precision": 0.0,
            "recall": 0,
            "f1": 0
        },
        "DMCA": {
            "precision": 0.0,
            "recall": 0.0,
            "f1": 0
        },
        "TNC": {
            "precision": 0.0,
            "recall": 0,
            "f1": 0
        },
        "N": {
            "precision": 0.0,
            "recall": 0,
            "f1": 0
        },
        "Z": {
            "precision": 0.0,
            "recall": 0.0,
            "f1": 0
        },
        "TN": {
            "precision": 0.0,
            "recall": 0,
            "f1": 0
        },
        "PP": {
            "precision": 0.0,
            "recall": 0,
            "f1": 0
        },
        "LSV": {
            "precision": 0.0,
            "recall": 0.0,
            "f1": 0
        },
        "LSN": {
            "precision": 0.0,
            "recall": 0.0,
            "f1": 0
        },
        "NPA": {
            "precision": 0.0,
            "recall": 0,
            "f1": 0
        },
        "NN": {
            "precision": 0.0,
            "recall": 0,
            "f1": 0
        },
        "CSINTER": {
            "precision": 0,
            "recall": 0.0,
            "f1": 0
        },
        "NP": {
            "precision": 0.0,
            "recall": 0,
            "f1": 0
        },
        "GPP": {
            "precision": 0.0,
            "recall": 0.0,
            "f1": 0
        },
        "GDO": {
            "precision": 0,
            "recall": 0.0,
            "f1": 0
        },
        "AUX": {
            "precision": 0.0,
            "recall": 0,
            "f1": 0
        }
    },
    "epoch": 0
}