{
    "micro_precision": 0.48518518518518516,
    "micro_recall": 0.44256756756756754,
    "micro_f1": 0.46289752650176674,
    "macro_precision": 0.20489793890529184,
    "macro_recall": 0.1904655571396103,
    "macro_f1": 0.19583399882209168,
    "per_tag_metrics": {
        "DIGITALLY-MEDIATED": {
            "precision": 0.8529411764705882,
            "recall": 0.8365384615384616,
            "f1": 0.8446601941747574
        },
        "FORM": {
            "precision": 0.46875,
            "recall": 0.4411764705882353,
            "f1": 0.45454545454545453
        },
        "GRAMMAR": {
            "precision": 0.27941176470588236,
            "recall": 0.2602739726027397,
            "f1": 0.2695035460992908
        },
        "WORD": {
            "precision": 0.2857142857142857,
            "recall": 0.16666666666666666,
            "f1": 0.2105263157894737
        },
        "LEXIS": {
            "precision": 0.16216216216216217,
            "recall": 0.2,
            "f1": 0.1791044776119403
        },
        "LEXICO-GRAMMAR": {
            "precision": 0.0,
            "recall": 0.0,
            "f1": 0
        },
        "PUNCTUATION": {
            "precision": 0.0,
            "recall": 0.0,
            "f1": 0
        },
        "SENTIMENT": {
            "precision": 0.0,
            "recall": 0,
            "f1": 0
        },
        "CODE-SWITCHING": {
            "precision": 0.0,
            "recall": 0.0,
            "f1": 0
        },
        "INFELICITIES": {
            "precision": 0.0,
            "recall": 0.0,
            "f1": 0
        }
    },
    "epoch": 1
}