{
    "micro_precision": 0.36977491961414793,
    "micro_recall": 0.40069686411149824,
    "micro_f1": 0.38461538461538464,
    "macro_precision": 0.16440443348503397,
    "macro_recall": 0.16487401487401485,
    "macro_f1": 0.16261704493435764,
    "per_tag_metrics": {
        "DIGITALLY-MEDIATED": {
            "precision": 0.6372549019607843,
            "recall": 0.7222222222222222,
            "f1": 0.6770833333333333
        },
        "FORM": {
            "precision": 0.6,
            "recall": 0.42857142857142855,
            "f1": 0.5
        },
        "GRAMMAR": {
            "precision": 0.25301204819277107,
            "recall": 0.3230769230769231,
            "f1": 0.28378378378378377
        },
        "LEXIS": {
            "precision": 0.22727272727272727,
            "recall": 0.2564102564102564,
            "f1": 0.24096385542168672
        },
        "LEXICO-GRAMMAR": {
            "precision": 0.09090909090909091,
            "recall": 0.08333333333333333,
            "f1": 0.08695652173913043
        },
        "WORD": {
            "precision": 0.0,
            "recall": 0.0,
            "f1": 0
        },
        "INFELICITIES": {
            "precision": 0.0,
            "recall": 0.0,
            "f1": 0
        },
        "PUNCTUATION": {
            "precision": 0.0,
            "recall": 0.0,
            "f1": 0
        },
        "MENU": {
            "precision": 0.0,
            "recall": 0,
            "f1": 0
        },
        "CODE-SWITCHING": {
            "precision": 0,
            "recall": 0.0,
            "f1": 0
        },
        "ARSENAL": {
            "precision": 0.0,
            "recall": 0,
            "f1": 0
        }
    },
    "epoch": 1
}