{
    "micro_precision": 0.46296296296296297,
    "micro_recall": 0.4355400696864111,
    "micro_f1": 0.44883303411131054,
    "macro_precision": 0.24858829895594603,
    "macro_recall": 0.20071040071040072,
    "macro_f1": 0.21325930691806602,
    "per_tag_metrics": {
        "DIGITALLY-MEDIATED": {
            "precision": 0.696078431372549,
            "recall": 0.7888888888888889,
            "f1": 0.7395833333333334
        },
        "FORM": {
            "precision": 0.65625,
            "recall": 0.5,
            "f1": 0.5675675675675675
        },
        "GRAMMAR": {
            "precision": 0.2916666666666667,
            "recall": 0.3230769230769231,
            "f1": 0.30656934306569344
        },
        "PUNCTUATION": {
            "precision": 0.3333333333333333,
            "recall": 0.2222222222222222,
            "f1": 0.26666666666666666
        },
        "LEXIS": {
            "precision": 0.2571428571428571,
            "recall": 0.23076923076923078,
            "f1": 0.24324324324324323
        },
        "CODE-SWITCHING": {
            "precision": 0.5,
            "recall": 0.14285714285714285,
            "f1": 0.22222222222222224
        },
        "LEXICO-GRAMMAR": {
            "precision": 0.0,
            "recall": 0.0,
            "f1": 0
        },
        "WORD": {
            "precision": 0.0,
            "recall": 0.0,
            "f1": 0
        },
        "INFELICITIES": {
            "precision": 0.0,
            "recall": 0.0,
            "f1": 0
        },
        "CODEX-SWITCHING": {
            "precision": 0.0,
            "recall": 0,
            "f1": 0
        },
        "FACCIAMO": {
            "precision": 0.0,
            "recall": 0,
            "f1": 0
        }
    },
    "epoch": 1
}