{
    "micro_precision": 0.42023346303501946,
    "micro_recall": 0.45,
    "micro_f1": 0.43460764587525147,
    "macro_precision": 0.1852474953945542,
    "macro_recall": 0.19299746230780715,
    "macro_f1": 0.1873462666306692,
    "per_tag_metrics": {
        "DIGITALLY-MEDIATED": {
            "precision": 0.8470588235294118,
            "recall": 0.8571428571428571,
            "f1": 0.8520710059171598
        },
        "FORM": {
            "precision": 0.4642857142857143,
            "recall": 0.43333333333333335,
            "f1": 0.4482758620689655
        },
        "GRAMMAR": {
            "precision": 0.25396825396825395,
            "recall": 0.27586206896551724,
            "f1": 0.2644628099173553
        },
        "LEXIS": {
            "precision": 0.16216216216216217,
            "recall": 0.2727272727272727,
            "f1": 0.20338983050847456
        },
        "PUNCTUATION": {
            "precision": 0.125,
            "recall": 0.09090909090909091,
            "f1": 0.10526315789473685
        },
        "GRAMMARDVO": {
            "precision": 0.0,
            "recall": 0,
            "f1": 0
        },
        "WORD": {
            "precision": 0.0,
            "recall": 0.0,
            "f1": 0
        },
        "CODE-SWITCHING": {
            "precision": 0,
            "recall": 0.0,
            "f1": 0
        },
        "INFELICITIES": {
            "precision": 0.0,
            "recall": 0.0,
            "f1": 0
        },
        "LEXICO-GRAMMAR": {
            "precision": 0.0,
            "recall": 0.0,
            "f1": 0
        }
    },
    "epoch": 2
}