{
    "micro_precision": 0.44274809160305345,
    "micro_recall": 0.3918918918918919,
    "micro_f1": 0.4157706093189964,
    "macro_precision": 0.11340210848562408,
    "macro_recall": 0.08456816403971884,
    "macro_f1": 0.08899008475517153,
    "per_tag_metrics": {
        "DMCC": {
            "precision": 0.7850467289719626,
            "recall": 0.8316831683168316,
            "f1": 0.8076923076923076
        },
        "GVAUX": {
            "precision": 0.375,
            "recall": 0.5,
            "f1": 0.42857142857142855
        },
        "GPR": {
            "precision": 0.3333333333333333,
            "recall": 0.5,
            "f1": 0.4
        },
        "FS": {
            "precision": 0.4,
            "recall": 0.35294117647058826,
            "f1": 0.37500000000000006
        },
        "GVN": {
            "precision": 1.0,
            "recall": 0.2,
            "f1": 0.33333333333333337
        },
        "WM": {
            "precision": 0.5,
            "recall": 0.25,
            "f1": 0.3333333333333333
        },
        "CSINTRA": {
            "precision": 0.3333333333333333,
            "recall": 0.2,
            "f1": 0.25
        },
        "GNN": {
            "precision": 0.25,
            "recall": 0.25,
            "f1": 0.25
        },
        "QM": {
            "precision": 0.3333333333333333,
            "recall": 0.14285714285714285,
            "f1": 0.2
        },
        "GVT": {
            "precision": 0.25,
            "recall": 0.16666666666666666,
            "f1": 0.2
        },
        "GPP": {
            "precision": 0.4,
            "recall": 0.13333333333333333,
            "f1": 0.2
        },
        "GA": {
            "precision": 0.18181818181818182,
            "recall": 0.2222222222222222,
            "f1": 0.19999999999999998
        },
        "WR": {
            "precision": 0.1111111111111111,
            "recall": 0.125,
            "f1": 0.11764705882352941
        },
        "LSPR": {
            "precision": 0.07692307692307693,
            "recall": 0.1,
            "f1": 0.08695652173913043
        },
        "QC": {
            "precision": 0.0,
            "recall": 0.0,
            "f1": 0
        },
        "LSV": {
            "precision": 0.0,
            "recall": 0.0,
            "f1": 0
        },
        "XVCO": {
            "precision": 0.0,
            "recall": 0.0,
            "f1": 0
        },
        "DMCA": {
            "precision": 0,
            "recall": 0.0,
            "f1": 0
        },
        "LP": {
            "precision": 0.0,
            "recall": 0.0,
            "f1": 0
        },
        "QR": {
            "precision": 0.0,
            "recall": 0.0,
            "f1": 0
        },
        "GADVO": {
            "precision": 0.0,
            "recall": 0.0,
            "f1": 0
        },
        "GVNF": {
            "precision": 0,
            "recall": 0.0,
            "f1": 0
        },
        "GDD": {
            "precision": 0.0,
            "recall": 0,
            "f1": 0
        },
        "GADJCS": {
            "precision": 0.0,
            "recall": 0.0,
            "f1": 0
        },
        "GVM": {
            "precision": 0,
            "recall": 0.0,
            "f1": 0
        },
        "LSADV": {
            "precision": 0.0,
            "recall": 0.0,
            "f1": 0
        },
        "XVPR": {
            "precision": 0.0,
            "recall": 0.0,
            "f1": 0
        },
        "QL": {
            "precision": 0,
            "recall": 0.0,
            "f1": 0
        },
        "GPI": {
            "precision": 0.0,
            "recall": 0,
            "f1": 0
        },
        "XADJCO": {
            "precision": 0.0,
            "recall": 0,
            "f1": 0
        },
        "GWC": {
            "precision": 0,
            "recall": 0.0,
            "f1": 0
        },
        "LWCO": {
            "precision": 0.0,
            "recall": 0.0,
            "f1": 0
        },
        "GPD": {
            "precision": 0,
            "recall": 0.0,
            "f1": 0
        },
        "LSN": {
            "precision": 0.0,
            "recall": 0.0,
            "f1": 0
        },
        "GDI": {
            "precision": 0.0,
            "recall": 0.0,
            "f1": 0
        },
        "GDT": {
            "precision": 0,
            "recall": 0.0,
            "f1": 0
        },
        "GNC": {
            "precision": 0.0,
            "recall": 0.0,
            "f1": 0
        },
        "XADVPR": {
            "precision": 0,
            "recall": 0.0,
            "f1": 0
        },
        "WO": {
            "precision": 0.0,
            "recall": 0.0,
            "f1": 0
        },
        "CSINTER": {
            "precision": 0,
            "recall": 0.0,
            "f1": 0
        },
        "Z": {
            "precision": 0.0,
            "recall": 0.0,
            "f1": 0
        },
        "LCLC": {
            "precision": 0,
            "recall": 0.0,
            "f1": 0
        },
        "LSADJ": {
            "precision": 0.0,
            "recall": 0.0,
            "f1": 0
        },
        "QPR": {
            "precision": 0.0,
            "recall": 0,
            "f1": 0
        },
        "QN": {
            "precision": 0.0,
            "recall": 0,
            "f1": 0
        },
        "GADJO": {
            "precision": 0.0,
            "recall": 0,
            "f1": 0
        },
        "XPRCO": {
            "precision": 0,
            "recall": 0.0,
            "f1": 0
        }
    },
    "epoch": 2
}