{
    "micro_precision": 0.3811659192825112,
    "micro_recall": 0.3483606557377049,
    "micro_f1": 0.3640256959314775,
    "macro_precision": 0.10581151652580223,
    "macro_recall": 0.07614501577916212,
    "macro_f1": 0.08275229768494842,
    "per_tag_metrics": {
        "DMCC": {
            "precision": 0.7777777777777778,
            "recall": 0.7682926829268293,
            "f1": 0.773006134969325
        },
        "WM": {
            "precision": 1.0,
            "recall": 0.3333333333333333,
            "f1": 0.5
        },
        "DMCA": {
            "precision": 0.5,
            "recall": 0.3333333333333333,
            "f1": 0.4
        },
        "FS": {
            "precision": 0.42857142857142855,
            "recall": 0.34615384615384615,
            "f1": 0.3829787234042554
        },
        "GVAUX": {
            "precision": 0.2857142857142857,
            "recall": 0.25,
            "f1": 0.26666666666666666
        },
        "GPR": {
            "precision": 0.25,
            "recall": 0.25,
            "f1": 0.25
        },
        "GNN": {
            "precision": 0.2222222222222222,
            "recall": 0.2222222222222222,
            "f1": 0.2222222222222222
        },
        "LWCO": {
            "precision": 0.5,
            "recall": 0.125,
            "f1": 0.2
        },
        "GA": {
            "precision": 0.16666666666666666,
            "recall": 0.15384615384615385,
            "f1": 0.16
        },
        "QM": {
            "precision": 0.16666666666666666,
            "recall": 0.125,
            "f1": 0.14285714285714288
        },
        "LSPR": {
            "precision": 0.09090909090909091,
            "recall": 0.09090909090909091,
            "f1": 0.09090909090909091
        },
        "GPP": {
            "precision": 0.05555555555555555,
            "recall": 0.2,
            "f1": 0.08695652173913045
        },
        "GVT": {
            "precision": 0.0,
            "recall": 0.0,
            "f1": 0
        },
        "XNPR": {
            "precision": 0.0,
            "recall": 0,
            "f1": 0
        },
        "GVM": {
            "precision": 0,
            "recall": 0.0,
            "f1": 0
        },
        "WO": {
            "precision": 0.0,
            "recall": 0.0,
            "f1": 0
        },
        "GWC": {
            "precision": 0.0,
            "recall": 0.0,
            "f1": 0
        },
        "CSINTRA": {
            "precision": 0.0,
            "recall": 0,
            "f1": 0
        },
        "GDT": {
            "precision": 0.0,
            "recall": 0.0,
            "f1": 0
        },
        "CSINTER": {
            "precision": 0,
            "recall": 0.0,
            "f1": 0
        },
        "LSN": {
            "precision": 0,
            "recall": 0.0,
            "f1": 0
        },
        "GVN": {
            "precision": 0.0,
            "recall": 0.0,
            "f1": 0
        },
        "XNCO": {
            "precision": 0,
            "recall": 0.0,
            "f1": 0
        },
        "GADJO": {
            "precision": 0,
            "recall": 0.0,
            "f1": 0
        },
        "XVPR": {
            "precision": 0.0,
            "recall": 0.0,
            "f1": 0
        },
        "LSV": {
            "precision": 0.0,
            "recall": 0.0,
            "f1": 0
        },
        "GADJCS": {
            "precision": 0,
            "recall": 0.0,
            "f1": 0
        },
        "WR": {
            "precision": 0.0,
            "recall": 0.0,
            "f1": 0
        },
        "QR": {
            "precision": 0.0,
            "recall": 0,
            "f1": 0
        },
        "GADVO": {
            "precision": 0.0,
            "recall": 0.0,
            "f1": 0
        },
        "LP": {
            "precision": 0.0,
            "recall": 0.0,
            "f1": 0
        },
        "LSADV": {
            "precision": 0.0,
            "recall": 0.0,
            "f1": 0
        },
        "GPI": {
            "precision": 0,
            "recall": 0.0,
            "f1": 0
        },
        "LSADJ": {
            "precision": 0.0,
            "recall": 0.0,
            "f1": 0
        },
        "GNC": {
            "precision": 0.0,
            "recall": 0.0,
            "f1": 0
        },
        "Z": {
            "precision": 0.0,
            "recall": 0.0,
            "f1": 0
        },
        "LCC": {
            "precision": 0,
            "recall": 0.0,
            "f1": 0
        },
        "XADJPR": {
            "precision": 0,
            "recall": 0.0,
            "f1": 0
        },
        "GDI": {
            "precision": 0.0,
            "recall": 0.0,
            "f1": 0
        },
        "XVCO": {
            "precision": 0.0,
            "recall": 0.0,
            "f1": 0
        },
        "GDO": {
            "precision": 0.0,
            "recall": 0,
            "f1": 0
        },
        "XPRCO": {
            "precision": 0,
            "recall": 0.0,
            "f1": 0
        }
    },
    "epoch": 1
}