{
    "micro_precision": 0.3716475095785441,
    "micro_recall": 0.3975409836065574,
    "micro_f1": 0.3841584158415842,
    "macro_precision": 0.09321551093480918,
    "macro_recall": 0.0968772043975296,
    "macro_f1": 0.08995331248854889,
    "per_tag_metrics": {
        "DMCC": {
            "precision": 0.7157894736842105,
            "recall": 0.8292682926829268,
            "f1": 0.768361581920904
        },
        "GPI": {
            "precision": 0.5,
            "recall": 0.5,
            "f1": 0.5
        },
        "FS": {
            "precision": 0.5789473684210527,
            "recall": 0.4230769230769231,
            "f1": 0.4888888888888889
        },
        "QM": {
            "precision": 0.36363636363636365,
            "recall": 0.5,
            "f1": 0.4210526315789474
        },
        "GVAUX": {
            "precision": 0.5,
            "recall": 0.25,
            "f1": 0.3333333333333333
        },
        "GPR": {
            "precision": 0.25,
            "recall": 0.25,
            "f1": 0.25
        },
        "XVCO": {
            "precision": 0.16666666666666666,
            "recall": 0.5,
            "f1": 0.25
        },
        "LSPR": {
            "precision": 0.23076923076923078,
            "recall": 0.2727272727272727,
            "f1": 0.24999999999999994
        },
        "GNN": {
            "precision": 0.2222222222222222,
            "recall": 0.2222222222222222,
            "f1": 0.2222222222222222
        },
        "WM": {
            "precision": 0.16666666666666666,
            "recall": 0.3333333333333333,
            "f1": 0.2222222222222222
        },
        "LWCO": {
            "precision": 0.3333333333333333,
            "recall": 0.125,
            "f1": 0.18181818181818182
        },
        "GA": {
            "precision": 0.16666666666666666,
            "recall": 0.15384615384615385,
            "f1": 0.16
        },
        "XNCO": {
            "precision": 0,
            "recall": 0.0,
            "f1": 0
        },
        "CSINTRA": {
            "precision": 0.0,
            "recall": 0,
            "f1": 0
        },
        "XPRCO": {
            "precision": 0,
            "recall": 0.0,
            "f1": 0
        },
        "GVN": {
            "precision": 0.0,
            "recall": 0.0,
            "f1": 0
        },
        "GWC": {
            "precision": 0.0,
            "recall": 0.0,
            "f1": 0
        },
        "CSINTER": {
            "precision": 0.0,
            "recall": 0.0,
            "f1": 0
        },
        "GPP": {
            "precision": 0.0,
            "recall": 0.0,
            "f1": 0
        },
        "DMCA": {
            "precision": 0,
            "recall": 0.0,
            "f1": 0
        },
        "WR": {
            "precision": 0.0,
            "recall": 0.0,
            "f1": 0
        },
        "GDT": {
            "precision": 0.0,
            "recall": 0.0,
            "f1": 0
        },
        "XVPR": {
            "precision": 0.0,
            "recall": 0.0,
            "f1": 0
        },
        "Z": {
            "precision": 0.0,
            "recall": 0.0,
            "f1": 0
        },
        "GADJCS": {
            "precision": 0.0,
            "recall": 0.0,
            "f1": 0
        },
        "LSN": {
            "precision": 0,
            "recall": 0.0,
            "f1": 0
        },
        "GADJO": {
            "precision": 0,
            "recall": 0.0,
            "f1": 0
        },
        "GADJCO": {
            "precision": 0.0,
            "recall": 0,
            "f1": 0
        },
        "LSV": {
            "precision": 0.0,
            "recall": 0.0,
            "f1": 0
        },
        "LSADJ": {
            "precision": 0.0,
            "recall": 0.0,
            "f1": 0
        },
        "GDI": {
            "precision": 0,
            "recall": 0.0,
            "f1": 0
        },
        "GVNF": {
            "precision": 0.0,
            "recall": 0,
            "f1": 0
        },
        "GV": {
            "precision": 0.0,
            "recall": 0,
            "f1": 0
        },
        "GNC": {
            "precision": 0.0,
            "recall": 0.0,
            "f1": 0
        },
        "LP": {
            "precision": 0.0,
            "recall": 0.0,
            "f1": 0
        },
        "GVT": {
            "precision": 0.0,
            "recall": 0.0,
            "f1": 0
        },
        "GADVO": {
            "precision": 0.0,
            "recall": 0.0,
            "f1": 0
        },
        "LSADV": {
            "precision": 0.0,
            "recall": 0.0,
            "f1": 0
        },
        "XADJPR": {
            "precision": 0,
            "recall": 0.0,
            "f1": 0
        },
        "GDO": {
            "precision": 0.0,
            "recall": 0,
            "f1": 0
        },
        "GVP": {
            "precision": 0.0,
            "recall": 0,
            "f1": 0
        },
        "GVM": {
            "precision": 0.0,
            "recall": 0.0,
            "f1": 0
        },
        "LCC": {
            "precision": 0,
            "recall": 0.0,
            "f1": 0
        },
        "XNPR": {
            "precision": 0.0,
            "recall": 0,
            "f1": 0
        },
        "WO": {
            "precision": 0.0,
            "recall": 0.0,
            "f1": 0
        }
    },
    "epoch": 2
}