{
    "micro_precision": 0.45414847161572053,
    "micro_recall": 0.46017699115044247,
    "micro_f1": 0.4571428571428572,
    "macro_precision": 0.13272373884618782,
    "macro_recall": 0.1762345679012346,
    "macro_f1": 0.1295340107764478,
    "per_tag_metrics": {
        "DMCC": {
            "precision": 0.8701298701298701,
            "recall": 0.8271604938271605,
            "f1": 0.8481012658227849
        },
        "GPI": {
            "precision": 0.5,
            "recall": 1.0,
            "f1": 0.6666666666666666
        },
        "FS": {
            "precision": 0.6428571428571429,
            "recall": 0.6666666666666666,
            "f1": 0.6545454545454545
        },
        "GA": {
            "precision": 0.7142857142857143,
            "recall": 0.4166666666666667,
            "f1": 0.5263157894736842
        },
        "XNUC": {
            "precision": 0.3333333333333333,
            "recall": 1.0,
            "f1": 0.5
        },
        "GVNF": {
            "precision": 1.0,
            "recall": 0.3333333333333333,
            "f1": 0.5
        },
        "WM": {
            "precision": 0.25,
            "recall": 1.0,
            "f1": 0.4
        },
        "DMCA": {
            "precision": 0.3333333333333333,
            "recall": 0.5,
            "f1": 0.4
        },
        "LSPR": {
            "precision": 0.25,
            "recall": 0.3333333333333333,
            "f1": 0.28571428571428575
        },
        "LWCO": {
            "precision": 0.25,
            "recall": 0.3333333333333333,
            "f1": 0.28571428571428575
        },
        "LSN": {
            "precision": 0.3333333333333333,
            "recall": 0.2,
            "f1": 0.25
        },
        "GVAUX": {
            "precision": 0.3333333333333333,
            "recall": 0.2,
            "f1": 0.25
        },
        "QM": {
            "precision": 0.25,
            "recall": 0.2,
            "f1": 0.22222222222222224
        },
        "WR": {
            "precision": 0.14285714285714285,
            "recall": 0.5,
            "f1": 0.22222222222222224
        },
        "GPP": {
            "precision": 0.1,
            "recall": 1.0,
            "f1": 0.18181818181818182
        },
        "GNN": {
            "precision": 0.2,
            "recall": 0.125,
            "f1": 0.15384615384615385
        },
        "QC": {
            "precision": 0,
            "recall": 0.0,
            "f1": 0
        },
        "GWC": {
            "precision": 0.0,
            "recall": 0,
            "f1": 0
        },
        "XADJPR": {
            "precision": 0,
            "recall": 0.0,
            "f1": 0
        },
        "QR": {
            "precision": 0,
            "recall": 0.0,
            "f1": 0
        },
        "AGRMOD": {
            "precision": 0.0,
            "recall": 0,
            "f1": 0
        },
        "GADJCS": {
            "precision": 0.0,
            "recall": 0,
            "f1": 0
        },
        "XNPR": {
            "precision": 0.0,
            "recall": 0,
            "f1": 0
        },
        "GVN": {
            "precision": 0.0,
            "recall": 0.0,
            "f1": 0
        },
        "GVM": {
            "precision": 0.0,
            "recall": 0.0,
            "f1": 0
        },
        "GDD": {
            "precision": 0.0,
            "recall": 0.0,
            "f1": 0
        },
        "CSINTRA": {
            "precision": 0.0,
            "recall": 0.0,
            "f1": 0
        },
        "XVCO": {
            "precision": 0.0,
            "recall": 0.0,
            "f1": 0
        },
        "CSINTER": {
            "precision": 0.0,
            "recall": 0.0,
            "f1": 0
        },
        "XADJCO": {
            "precision": 0,
            "recall": 0.0,
            "f1": 0
        },
        "GPTPR": {
            "precision": 0.0,
            "recall": 0,
            "f1": 0
        },
        "GDT": {
            "precision": 0.0,
            "recall": 0,
            "f1": 0
        },
        "CHAP": {
            "precision": 0.0,
            "recall": 0,
            "f1": 0
        },
        "GNC": {
            "precision": 0.0,
            "recall": 0.0,
            "f1": 0
        },
        "GM": {
            "precision": 0.0,
            "recall": 0,
            "f1": 0
        },
        "LP": {
            "precision": 0.0,
            "recall": 0.0,
            "f1": 0
        },
        "GVT": {
            "precision": 0.0,
            "recall": 0.0,
            "f1": 0
        },
        "GADVO": {
            "precision": 0.0,
            "recall": 0.0,
            "f1": 0
        },
        "SPCO": {
            "precision": 0.0,
            "recall": 0,
            "f1": 0
        },
        "GDO": {
            "precision": 0.0,
            "recall": 0,
            "f1": 0
        },
        "SPR": {
            "precision": 0.0,
            "recall": 0,
            "f1": 0
        },
        "GPR": {
            "precision": 0.0,
            "recall": 0.0,
            "f1": 0
        },
        "XVPR": {
            "precision": 0.0,
            "recall": 0.0,
            "f1": 0
        },
        "LSV": {
            "precision": 0.0,
            "recall": 0.0,
            "f1": 0
        },
        "WO": {
            "precision": 0.0,
            "recall": 0.0,
            "f1": 0
        },
        "Z": {
            "precision": 0.0,
            "recall": 0.0,
            "f1": 0
        },
        "GADJO": {
            "precision": 0,
            "recall": 0.0,
            "f1": 0
        },
        "LSADJ": {
            "precision": 0,
            "recall": 0.0,
            "f1": 0
        },
        "LSADV": {
            "precision": 0.0,
            "recall": 0.0,
            "f1": 0
        }
    },
    "epoch": 2
}