{
    "micro_precision": 0.49809885931558934,
    "micro_recall": 0.44256756756756754,
    "micro_f1": 0.46869409660107336,
    "macro_precision": 0.21475467354556138,
    "macro_recall": 0.1922175232771526,
    "macro_f1": 0.20116509397666885,
    "per_tag_metrics": {
        "DIGITALLY-MEDIATED": {
            "precision": 0.8317757009345794,
            "recall": 0.8557692307692307,
            "f1": 0.8436018957345972
        },
        "FORM": {
            "precision": 0.5714285714285714,
            "recall": 0.47058823529411764,
            "f1": 0.5161290322580646
        },
        "GRAMMAR": {
            "precision": 0.28125,
            "recall": 0.2465753424657534,
            "f1": 0.26277372262773724
        },
        "WORD": {
            "precision": 0.23076923076923078,
            "recall": 0.125,
            "f1": 0.16216216216216217
        },
        "LEXIS": {
            "precision": 0.12121212121212122,
            "recall": 0.13333333333333333,
            "f1": 0.126984126984127
        },
        "PUNCTUATION": {
            "precision": 0.1111111111111111,
            "recall": 0.09090909090909091,
            "f1": 0.09999999999999999
        },
        "INFELICITIES": {
            "precision": 0,
            "recall": 0.0,
            "f1": 0
        },
        "S": {
            "precision": 0.0,
            "recall": 0,
            "f1": 0
        },
        "LEXICO-GRAMMAR": {
            "precision": 0.0,
            "recall": 0.0,
            "f1": 0
        },
        "CODE-SWITCHING": {
            "precision": 0.0,
            "recall": 0.0,
            "f1": 0
        }
    },
    "epoch": 2
}