{
    "micro_precision": 0.29141104294478526,
    "micro_recall": 0.32094594594594594,
    "micro_f1": 0.3054662379421222,
    "macro_precision": 0.03448278506249521,
    "macro_recall": 0.038833487923955794,
    "macro_f1": 0.03480173034831555,
    "per_tag_metrics": {
        "DMCC": {
            "precision": 0.42777777777777776,
            "recall": 0.7623762376237624,
            "f1": 0.5480427046263344
        },
        "FS": {
            "precision": 0.5652173913043478,
            "recall": 0.38235294117647056,
            "f1": 0.45614035087719296
        },
        "LSPR": {
            "precision": 0.2,
            "recall": 0.2,
            "f1": 0.20000000000000004
        },
        "GVAUX": {
            "precision": 0.2,
            "recall": 0.16666666666666666,
            "f1": 0.1818181818181818
        },
        "GA": {
            "precision": 0.1111111111111111,
            "recall": 0.1111111111111111,
            "f1": 0.1111111111111111
        },
        "GNN": {
            "precision": 0.047619047619047616,
            "recall": 0.125,
            "f1": 0.06896551724137931
        },
        "GVN": {
            "precision": 0,
            "recall": 0.0,
            "f1": 0
        },
        "LCS": {
            "precision": 0.0,
            "recall": 0,
            "f1": 0
        },
        "CSINTER": {
            "precision": 0.0,
            "recall": 0.0,
            "f1": 0
        },
        "GNC": {
            "precision": 0.0,
            "recall": 0.0,
            "f1": 0
        },
        "DMCA": {
            "precision": 0,
            "recall": 0.0,
            "f1": 0
        },
        "QC": {
            "precision": 0.0,
            "recall": 0.0,
            "f1": 0
        },
        "QR": {
            "precision": 0.0,
            "recall": 0.0,
            "f1": 0
        },
        "QM": {
            "precision": 0.0,
            "recall": 0.0,
            "f1": 0
        },
        "XPRCO": {
            "precision": 0,
            "recall": 0.0,
            "f1": 0
        },
        "WO": {
            "precision": 0.0,
            "recall": 0.0,
            "f1": 0
        },
        "WM": {
            "precision": 0.0,
            "recall": 0.0,
            "f1": 0
        },
        "QL": {
            "precision": 0,
            "recall": 0.0,
            "f1": 0
        },
        "GVT": {
            "precision": 0.0,
            "recall": 0.0,
            "f1": 0
        },
        "GVM": {
            "precision": 0.0,
            "recall": 0.0,
            "f1": 0
        },
        "LSADJ": {
            "precision": 0,
            "recall": 0.0,
            "f1": 0
        },
        "GDI": {
            "precision": 0.0,
            "recall": 0.0,
            "f1": 0
        },
        "GADVO": {
            "precision": 0,
            "recall": 0.0,
            "f1": 0
        },
        "Z": {
            "precision": 0,
            "recall": 0.0,
            "f1": 0
        },
        "GVNF": {
            "precision": 0,
            "recall": 0.0,
            "f1": 0
        },
        "GPP": {
            "precision": 0.0,
            "recall": 0.0,
            "f1": 0
        },
        "XADJCO": {
            "precision": 0.0,
            "recall": 0,
            "f1": 0
        },
        "XADVPR": {
            "precision": 0,
            "recall": 0.0,
            "f1": 0
        },
        "LWCO": {
            "precision": 0.0,
            "recall": 0.0,
            "f1": 0
        },
        "LP": {
            "precision": 0.0,
            "recall": 0.0,
            "f1": 0
        },
        "LSN": {
            "precision": 0,
            "recall": 0.0,
            "f1": 0
        },
        "CSINTRA": {
            "precision": 0.0,
            "recall": 0.0,
            "f1": 0
        },
        "LSADV": {
            "precision": 0.0,
            "recall": 0.0,
            "f1": 0
        },
        "GWC": {
            "precision": 0.0,
            "recall": 0.0,
            "f1": 0
        },
        "GADJCS": {
            "precision": 0.0,
            "recall": 0.0,
            "f1": 0
        },
        "XVPR": {
            "precision": 0.0,
            "recall": 0.0,
            "f1": 0
        },
        "GDO": {
            "precision": 0.0,
            "recall": 0,
            "f1": 0
        },
        "XNUC": {
            "precision": 0.0,
            "recall": 0,
            "f1": 0
        },
        "WR": {
            "precision": 0,
            "recall": 0.0,
            "f1": 0
        },
        "LCLC": {
            "precision": 0,
            "recall": 0.0,
            "f1": 0
        },
        "GPR": {
            "precision": 0.0,
            "recall": 0.0,
            "f1": 0
        },
        "LSV": {
            "precision": 0.0,
            "recall": 0.0,
            "f1": 0
        },
        "XVCO": {
            "precision": 0.0,
            "recall": 0.0,
            "f1": 0
        },
        "GDT": {
            "precision": 0.0,
            "recall": 0.0,
            "f1": 0
        },
        "GPD": {
            "precision": 0,
            "recall": 0.0,
            "f1": 0
        }
    },
    "epoch": 2
}