{
    "micro_precision": 0.3855072463768116,
    "micro_recall": 0.44932432432432434,
    "micro_f1": 0.4149765990639625,
    "macro_precision": 0.2882268473335942,
    "macro_recall": 0.215509549095367,
    "macro_f1": 0.2182685846383185,
    "per_tag_metrics": {
        "DIGITALLY-MEDIATED": {
            "precision": 0.9081632653061225,
            "recall": 0.8557692307692307,
            "f1": 0.8811881188118811
        },
        "FORM": {
            "precision": 0.46153846153846156,
            "recall": 0.35294117647058826,
            "f1": 0.4000000000000001
        },
        "CODE-SWITCHING": {
            "precision": 1.0,
            "recall": 0.16666666666666666,
            "f1": 0.2857142857142857
        },
        "GRAMMAR": {
            "precision": 0.15702479338842976,
            "recall": 0.2602739726027397,
            "f1": 0.19587628865979384
        },
        "LEXIS": {
            "precision": 0.16216216216216217,
            "recall": 0.2,
            "f1": 0.1791044776119403
        },
        "WORD": {
            "precision": 0.12195121951219512,
            "recall": 0.20833333333333334,
            "f1": 0.15384615384615383
        },
        "LEXICO-GRAMMAR": {
            "precision": 0.07142857142857142,
            "recall": 0.1111111111111111,
            "f1": 0.08695652173913043
        },
        "PUNCTUATION": {
            "precision": 0.0,
            "recall": 0.0,
            "f1": 0
        },
        "INFELICITIES": {
            "precision": 0.0,
            "recall": 0.0,
            "f1": 0
        },
        "BIOPLASTIC": {
            "precision": 0.0,
            "recall": 0,
            "f1": 0
        }
    },
    "epoch": 1
}