{
    "micro_precision": 0.4220532319391635,
    "micro_recall": 0.3867595818815331,
    "micro_f1": 0.4036363636363637,
    "macro_precision": 0.07002886138915551,
    "macro_recall": 0.08332379829472852,
    "macro_f1": 0.07554780260646655,
    "per_tag_metrics": {
        "DMCC": {
            "precision": 0.6296296296296297,
            "recall": 0.7906976744186046,
            "f1": 0.7010309278350516
        },
        "FS": {
            "precision": 0.5555555555555556,
            "recall": 0.625,
            "f1": 0.5882352941176471
        },
        "GVN": {
            "precision": 0.5,
            "recall": 0.5,
            "f1": 0.5
        },
        "LSPR": {
            "precision": 0.3125,
            "recall": 0.35714285714285715,
            "f1": 0.3333333333333333
        },
        "GVAUX": {
            "precision": 0.3333333333333333,
            "recall": 0.3,
            "f1": 0.3157894736842105
        },
        "WM": {
            "precision": 0.25,
            "recall": 0.3333333333333333,
            "f1": 0.28571428571428575
        },
        "GA": {
            "precision": 0.23529411764705882,
            "recall": 0.3076923076923077,
            "f1": 0.26666666666666666
        },
        "GVT": {
            "precision": 0.15384615384615385,
            "recall": 0.2857142857142857,
            "f1": 0.2
        },
        "GNN": {
            "precision": 0.1111111111111111,
            "recall": 0.16666666666666666,
            "f1": 0.13333333333333333
        },
        "QC": {
            "precision": 0,
            "recall": 0.0,
            "f1": 0
        },
        "GNC": {
            "precision": 0.0,
            "recall": 0.0,
            "f1": 0
        },
        "QM": {
            "precision": 0,
            "recall": 0.0,
            "f1": 0
        },
        "XADJPR": {
            "precision": 0,
            "recall": 0.0,
            "f1": 0
        },
        "WO": {
            "precision": 0.0,
            "recall": 0.0,
            "f1": 0
        },
        "GDT": {
            "precision": 0.0,
            "recall": 0.0,
            "f1": 0
        },
        "CSINTRA": {
            "precision": 0,
            "recall": 0.0,
            "f1": 0
        },
        "XVCO": {
            "precision": 0.0,
            "recall": 0.0,
            "f1": 0
        },
        "XNPR": {
            "precision": 0,
            "recall": 0.0,
            "f1": 0
        },
        "XNUC": {
            "precision": 0.0,
            "recall": 0.0,
            "f1": 0
        },
        "LSV": {
            "precision": 0.0,
            "recall": 0.0,
            "f1": 0
        },
        "GDO": {
            "precision": 0,
            "recall": 0.0,
            "f1": 0
        },
        "FM": {
            "precision": 0,
            "recall": 0.0,
            "f1": 0
        },
        "GADJCO": {
            "precision": 0.0,
            "recall": 0,
            "f1": 0
        },
        "GADVO": {
            "precision": 0,
            "recall": 0.0,
            "f1": 0
        },
        "GADJCS": {
            "precision": 0,
            "recall": 0.0,
            "f1": 0
        },
        "GPD": {
            "precision": 0,
            "recall": 0.0,
            "f1": 0
        },
        "GVM": {
            "precision": 0,
            "recall": 0.0,
            "f1": 0
        },
        "GDI": {
            "precision": 0,
            "recall": 0.0,
            "f1": 0
        },
        "HAD": {
            "precision": 0.0,
            "recall": 0,
            "f1": 0
        },
        "GWC": {
            "precision": 0.0,
            "recall": 0.0,
            "f1": 0
        },
        "GVNF": {
            "precision": 0,
            "recall": 0.0,
            "f1": 0
        },
        "GPR": {
            "precision": 0.0,
            "recall": 0.0,
            "f1": 0
        },
        "LWCO": {
            "precision": 0.0,
            "recall": 0.0,
            "f1": 0
        },
        "DMCA": {
            "precision": 0,
            "recall": 0.0,
            "f1": 0
        },
        "GDD": {
            "precision": 0,
            "recall": 0.0,
            "f1": 0
        },
        "XVPR": {
            "precision": 0.0,
            "recall": 0.0,
            "f1": 0
        },
        "LSADV": {
            "precision": 0.0,
            "recall": 0.0,
            "f1": 0
        },
        "Z": {
            "precision": 0.0,
            "recall": 0.0,
            "f1": 0
        },
        "LSADJ": {
            "precision": 0,
            "recall": 0.0,
            "f1": 0
        },
        "LP": {
            "precision": 0.0,
            "recall": 0.0,
            "f1": 0
        },
        "CSINTER": {
            "precision": 0,
            "recall": 0.0,
            "f1": 0
        },
        "WR": {
            "precision": 0.0,
            "recall": 0.0,
            "f1": 0
        },
        "GPP": {
            "precision": 0.0,
            "recall": 0.0,
            "f1": 0
        },
        "LSN": {
            "precision": 0.0,
            "recall": 0.0,
            "f1": 0
        }
    },
    "epoch": 1
}