{
    "micro_precision": 0.48623853211009177,
    "micro_recall": 0.3693379790940767,
    "micro_f1": 0.41980198019801984,
    "macro_precision": 0.16344417077175696,
    "macro_recall": 0.15715506715506716,
    "macro_f1": 0.1593549516739039,
    "per_tag_metrics": {
        "DIGITALLY-MEDIATED": {
            "precision": 0.735632183908046,
            "recall": 0.7111111111111111,
            "f1": 0.7231638418079096
        },
        "FORM": {
            "precision": 0.5,
            "recall": 0.5476190476190477,
            "f1": 0.5227272727272727
        },
        "GRAMMAR": {
            "precision": 0.30357142857142855,
            "recall": 0.26153846153846155,
            "f1": 0.2809917355371901
        },
        "LEXIS": {
            "precision": 0.09523809523809523,
            "recall": 0.05128205128205128,
            "f1": 0.06666666666666667
        },
        "MENU": {
            "precision": 0.0,
            "recall": 0,
            "f1": 0
        },
        "LEXICO-GRAMMAR": {
            "precision": 0,
            "recall": 0.0,
            "f1": 0
        },
        "WORD": {
            "precision": 0.0,
            "recall": 0.0,
            "f1": 0
        },
        "INFELICITIES": {
            "precision": 0,
            "recall": 0.0,
            "f1": 0
        },
        "PUNCTUATION": {
            "precision": 0,
            "recall": 0.0,
            "f1": 0
        },
        "CODE-SWITCHING": {
            "precision": 0.0,
            "recall": 0.0,
            "f1": 0
        }
    },
    "epoch": 2
}