{
    "micro_precision": 0.39615384615384613,
    "micro_recall": 0.42213114754098363,
    "micro_f1": 0.4087301587301587,
    "macro_precision": 0.15565636770843935,
    "macro_recall": 0.1533312821065805,
    "macro_f1": 0.1461001313868245,
    "per_tag_metrics": {
        "LSADJ": {
            "precision": 1.0,
            "recall": 1.0,
            "f1": 1.0
        },
        "CSINTER": {
            "precision": 1.0,
            "recall": 1.0,
            "f1": 1.0
        },
        "DMCC": {
            "precision": 0.7578947368421053,
            "recall": 0.8780487804878049,
            "f1": 0.8135593220338984
        },
        "WM": {
            "precision": 0.6666666666666666,
            "recall": 0.6666666666666666,
            "f1": 0.6666666666666666
        },
        "FS": {
            "precision": 0.5625,
            "recall": 0.34615384615384615,
            "f1": 0.4285714285714286
        },
        "GA": {
            "precision": 0.36363636363636365,
            "recall": 0.3076923076923077,
            "f1": 0.33333333333333337
        },
        "DMCA": {
            "precision": 0.3333333333333333,
            "recall": 0.3333333333333333,
            "f1": 0.3333333333333333
        },
        "GVAUX": {
            "precision": 0.5,
            "recall": 0.25,
            "f1": 0.3333333333333333
        },
        "GVM": {
            "precision": 0.25,
            "recall": 0.5,
            "f1": 0.3333333333333333
        },
        "GPR": {
            "precision": 0.3333333333333333,
            "recall": 0.25,
            "f1": 0.28571428571428575
        },
        "QM": {
            "precision": 0.5,
            "recall": 0.125,
            "f1": 0.2
        },
        "LSPR": {
            "precision": 0.18181818181818182,
            "recall": 0.18181818181818182,
            "f1": 0.18181818181818182
        },
        "GVT": {
            "precision": 0.16666666666666666,
            "recall": 0.2,
            "f1": 0.1818181818181818
        },
        "XVCO": {
            "precision": 0.1111111111111111,
            "recall": 0.5,
            "f1": 0.1818181818181818
        },
        "LWCO": {
            "precision": 0.2,
            "recall": 0.125,
            "f1": 0.15384615384615385
        },
        "WO": {
            "precision": 0.16666666666666666,
            "recall": 0.14285714285714285,
            "f1": 0.15384615384615383
        },
        "LSV": {
            "precision": 0.1111111111111111,
            "recall": 0.2,
            "f1": 0.14285714285714285
        },
        "GPP": {
            "precision": 0.1111111111111111,
            "recall": 0.2,
            "f1": 0.14285714285714285
        },
        "GADJO": {
            "precision": 0,
            "recall": 0.0,
            "f1": 0
        },
        "GVNF": {
            "precision": 0.0,
            "recall": 0,
            "f1": 0
        },
        "GADJCS": {
            "precision": 0.0,
            "recall": 0.0,
            "f1": 0
        },
        "GM": {
            "precision": 0.0,
            "recall": 0,
            "f1": 0
        },
        "SP": {
            "precision": 0.0,
            "recall": 0,
            "f1": 0
        },
        "XNCO": {
            "precision": 0.0,
            "recall": 0.0,
            "f1": 0
        },
        "GPI": {
            "precision": 0,
            "recall": 0.0,
            "f1": 0
        },
        "GPD": {
            "precision": 0.0,
            "recall": 0,
            "f1": 0
        },
        "GVN": {
            "precision": 0.0,
            "recall": 0.0,
            "f1": 0
        },
        "LP": {
            "precision": 0.0,
            "recall": 0.0,
            "f1": 0
        },
        "WR": {
            "precision": 0.0,
            "recall": 0.0,
            "f1": 0
        },
        "CSINTRA": {
            "precision": 0.0,
            "recall": 0,
            "f1": 0
        },
        "GDI": {
            "precision": 0.0,
            "recall": 0.0,
            "f1": 0
        },
        "XPRCO": {
            "precision": 0,
            "recall": 0.0,
            "f1": 0
        },
        "GDT": {
            "precision": 0,
            "recall": 0.0,
            "f1": 0
        },
        "LCC": {
            "precision": 0,
            "recall": 0.0,
            "f1": 0
        },
        "GNN": {
            "precision": 0.0,
            "recall": 0.0,
            "f1": 0
        },
        "Z": {
            "precision": 0.0,
            "recall": 0.0,
            "f1": 0
        },
        "GNC": {
            "precision": 0.0,
            "recall": 0.0,
            "f1": 0
        },
        "GWC": {
            "precision": 0.0,
            "recall": 0.0,
            "f1": 0
        },
        "Q": {
            "precision": 0.0,
            "recall": 0,
            "f1": 0
        },
        "FM": {
            "precision": 0.0,
            "recall": 0,
            "f1": 0
        },
        "XADJPR": {
            "precision": 0,
            "recall": 0.0,
            "f1": 0
        },
        "LSADV": {
            "precision": 0.0,
            "recall": 0.0,
            "f1": 0
        },
        "GVMCO": {
            "precision": 0.0,
            "recall": 0,
            "f1": 0
        },
        "XVPR": {
            "precision": 0.0,
            "recall": 0.0,
            "f1": 0
        },
        "XADJCO": {
            "precision": 0.0,
            "recall": 0,
            "f1": 0
        },
        "LSN": {
            "precision": 0.0,
            "recall": 0.0,
            "f1": 0
        },
        "GADVO": {
            "precision": 0.0,
            "recall": 0.0,
            "f1": 0
        }
    },
    "epoch": 2
}