{
    "micro_precision": 0.4872881355932203,
    "micro_recall": 0.4791666666666667,
    "micro_f1": 0.4831932773109244,
    "macro_precision": 0.24769976936643603,
    "macro_recall": 0.24057487850591297,
    "macro_f1": 0.24299226165519322,
    "per_tag_metrics": {
        "DIGITALLY-MEDIATED": {
            "precision": 0.8131868131868132,
            "recall": 0.8809523809523809,
            "f1": 0.8457142857142858
        },
        "FORM": {
            "precision": 0.6,
            "recall": 0.5,
            "f1": 0.5454545454545454
        },
        "GRAMMAR": {
            "precision": 0.31746031746031744,
            "recall": 0.3448275862068966,
            "f1": 0.3305785123966942
        },
        "PUNCTUATION": {
            "precision": 0.2222222222222222,
            "recall": 0.18181818181818182,
            "f1": 0.19999999999999998
        },
        "LEXICO-GRAMMAR": {
            "precision": 0.125,
            "recall": 0.1,
            "f1": 0.11111111111111112
        },
        "LEXIS": {
            "precision": 0.08,
            "recall": 0.09090909090909091,
            "f1": 0.0851063829787234
        },
        "WORD": {
            "precision": 0.07142857142857142,
            "recall": 0.06666666666666667,
            "f1": 0.0689655172413793
        },
        "CODE-SWITCHING": {
            "precision": 0,
            "recall": 0.0,
            "f1": 0
        },
        "INFELICITIES": {
            "precision": 0.0,
            "recall": 0.0,
            "f1": 0
        }
    },
    "epoch": 1
}