{
    "micro_precision": 0.4181184668989547,
    "micro_recall": 0.4181184668989547,
    "micro_f1": 0.4181184668989547,
    "macro_precision": 0.11787319040608514,
    "macro_recall": 0.10211465698384303,
    "macro_f1": 0.10513406979303926,
    "per_tag_metrics": {
        "DMCC": {
            "precision": 0.7555555555555555,
            "recall": 0.7906976744186046,
            "f1": 0.7727272727272727
        },
        "FS": {
            "precision": 0.6666666666666666,
            "recall": 0.65,
            "f1": 0.6582278481012659
        },
        "GVAUX": {
            "precision": 0.5,
            "recall": 0.4,
            "f1": 0.4444444444444445
        },
        "LSV": {
            "precision": 0.6666666666666666,
            "recall": 0.3333333333333333,
            "f1": 0.4444444444444444
        },
        "GPP": {
            "precision": 0.6666666666666666,
            "recall": 0.3333333333333333,
            "f1": 0.4444444444444444
        },
        "GVN": {
            "precision": 0.5,
            "recall": 0.25,
            "f1": 0.3333333333333333
        },
        "GVNF": {
            "precision": 0.3333333333333333,
            "recall": 0.3333333333333333,
            "f1": 0.3333333333333333
        },
        "GA": {
            "precision": 0.2777777777777778,
            "recall": 0.38461538461538464,
            "f1": 0.3225806451612903
        },
        "LSPR": {
            "precision": 0.2631578947368421,
            "recall": 0.35714285714285715,
            "f1": 0.30303030303030304
        },
        "QM": {
            "precision": 0.3333333333333333,
            "recall": 0.2,
            "f1": 0.25
        },
        "XVCO": {
            "precision": 0.2,
            "recall": 0.25,
            "f1": 0.22222222222222224
        },
        "CSINTRA": {
            "precision": 0.25,
            "recall": 0.16666666666666666,
            "f1": 0.2
        },
        "GVT": {
            "precision": 0.15384615384615385,
            "recall": 0.2857142857142857,
            "f1": 0.2
        },
        "GNN": {
            "precision": 0.09090909090909091,
            "recall": 0.16666666666666666,
            "f1": 0.11764705882352942
        },
        "LNN": {
            "precision": 0.0,
            "recall": 0,
            "f1": 0
        },
        "WR": {
            "precision": 0.0,
            "recall": 0.0,
            "f1": 0
        },
        "LSADV": {
            "precision": 0.0,
            "recall": 0.0,
            "f1": 0
        },
        "GNC": {
            "precision": 0.0,
            "recall": 0.0,
            "f1": 0
        },
        "GPR": {
            "precision": 0.0,
            "recall": 0.0,
            "f1": 0
        },
        "GADVO": {
            "precision": 0,
            "recall": 0.0,
            "f1": 0
        },
        "GDO": {
            "precision": 0,
            "recall": 0.0,
            "f1": 0
        },
        "LSADJ": {
            "precision": 0.0,
            "recall": 0.0,
            "f1": 0
        },
        "LCS": {
            "precision": 0.0,
            "recall": 0,
            "f1": 0
        },
        "GPI": {
            "precision": 0.0,
            "recall": 0,
            "f1": 0
        },
        "LWCO": {
            "precision": 0.0,
            "recall": 0.0,
            "f1": 0
        },
        "Z": {
            "precision": 0.0,
            "recall": 0.0,
            "f1": 0
        },
        "LSN": {
            "precision": 0.0,
            "recall": 0.0,
            "f1": 0
        },
        "LCC": {
            "precision": 0.0,
            "recall": 0,
            "f1": 0
        },
        "CSINTER": {
            "precision": 0,
            "recall": 0.0,
            "f1": 0
        },
        "GVM": {
            "precision": 0.0,
            "recall": 0.0,
            "f1": 0
        },
        "XVPR": {
            "precision": 0.0,
            "recall": 0.0,
            "f1": 0
        },
        "GADJCS": {
            "precision": 0.0,
            "recall": 0.0,
            "f1": 0
        },
        "WO": {
            "precision": 0.0,
            "recall": 0.0,
            "f1": 0
        },
        "WM": {
            "precision": 0.0,
            "recall": 0.0,
            "f1": 0
        },
        "GDT": {
            "precision": 0.0,
            "recall": 0.0,
            "f1": 0
        },
        "XNUC": {
            "precision": 0,
            "recall": 0.0,
            "f1": 0
        },
        "GDI": {
            "precision": 0.0,
            "recall": 0.0,
            "f1": 0
        },
        "QC": {
            "precision": 0,
            "recall": 0.0,
            "f1": 0
        },
        "FO": {
            "precision": 0.0,
            "recall": 0,
            "f1": 0
        },
        "LP": {
            "precision": 0.0,
            "recall": 0.0,
            "f1": 0
        },
        "GPD": {
            "precision": 0,
            "recall": 0.0,
            "f1": 0
        },
        "DMCA": {
            "precision": 0,
            "recall": 0.0,
            "f1": 0
        },
        "GDD": {
            "precision": 0.0,
            "recall": 0.0,
            "f1": 0
        },
        "XNPR": {
            "precision": 0,
            "recall": 0.0,
            "f1": 0
        },
        "FM": {
            "precision": 0,
            "recall": 0.0,
            "f1": 0
        },
        "AG": {
            "precision": 0.0,
            "recall": 0,
            "f1": 0
        },
        "GWC": {
            "precision": 0.0,
            "recall": 0.0,
            "f1": 0
        },
        "XADJPR": {
            "precision": 0.0,
            "recall": 0.0,
            "f1": 0
        }
    },
    "epoch": 2
}