{
    "micro_precision": 0.4300341296928328,
    "micro_recall": 0.42567567567567566,
    "micro_f1": 0.4278438030560272,
    "macro_precision": 0.1023764521366309,
    "macro_recall": 0.08510997864492331,
    "macro_f1": 0.08081956070634744,
    "per_tag_metrics": {
        "DMCC": {
            "precision": 0.8679245283018868,
            "recall": 0.9108910891089109,
            "f1": 0.8888888888888888
        },
        "DMCA": {
            "precision": 1.0,
            "recall": 0.3333333333333333,
            "f1": 0.5
        },
        "FS": {
            "precision": 0.42857142857142855,
            "recall": 0.35294117647058826,
            "f1": 0.3870967741935484
        },
        "WM": {
            "precision": 0.4444444444444444,
            "recall": 0.3333333333333333,
            "f1": 0.380952380952381
        },
        "LSPR": {
            "precision": 0.26666666666666666,
            "recall": 0.4,
            "f1": 0.32
        },
        "GPP": {
            "precision": 0.75,
            "recall": 0.2,
            "f1": 0.31578947368421056
        },
        "GVAUX": {
            "precision": 0.25,
            "recall": 0.3333333333333333,
            "f1": 0.28571428571428575
        },
        "GA": {
            "precision": 0.21428571428571427,
            "recall": 0.3333333333333333,
            "f1": 0.2608695652173913
        },
        "GPR": {
            "precision": 0.16666666666666666,
            "recall": 0.5,
            "f1": 0.25
        },
        "GVN": {
            "precision": 0.5,
            "recall": 0.1,
            "f1": 0.16666666666666669
        },
        "GVT": {
            "precision": 0.10526315789473684,
            "recall": 0.3333333333333333,
            "f1": 0.16
        },
        "GNN": {
            "precision": 0.125,
            "recall": 0.125,
            "f1": 0.125
        },
        "XVCO": {
            "precision": 0.0,
            "recall": 0.0,
            "f1": 0
        },
        "QM": {
            "precision": 0.0,
            "recall": 0.0,
            "f1": 0
        },
        "WR": {
            "precision": 0.0,
            "recall": 0.0,
            "f1": 0
        },
        "XNCO": {
            "precision": 0.0,
            "recall": 0,
            "f1": 0
        },
        "LSADJ": {
            "precision": 0.0,
            "recall": 0.0,
            "f1": 0
        },
        "XADVPR": {
            "precision": 0,
            "recall": 0.0,
            "f1": 0
        },
        "GADVO": {
            "precision": 0,
            "recall": 0.0,
            "f1": 0
        },
        "GDO": {
            "precision": 0.0,
            "recall": 0,
            "f1": 0
        },
        "CSINTRA": {
            "precision": 0,
            "recall": 0.0,
            "f1": 0
        },
        "GADJCS": {
            "precision": 0.0,
            "recall": 0.0,
            "f1": 0
        },
        "WO": {
            "precision": 0.0,
            "recall": 0.0,
            "f1": 0
        },
        "LSADV": {
            "precision": 0.0,
            "recall": 0.0,
            "f1": 0
        },
        "GVNF": {
            "precision": 0,
            "recall": 0.0,
            "f1": 0
        },
        "GDI": {
            "precision": 0,
            "recall": 0.0,
            "f1": 0
        },
        "GNC": {
            "precision": 0.0,
            "recall": 0.0,
            "f1": 0
        },
        "LCLC": {
            "precision": 0.0,
            "recall": 0.0,
            "f1": 0
        },
        "QL": {
            "precision": 0.0,
            "recall": 0.0,
            "f1": 0
        },
        "XVPR": {
            "precision": 0.0,
            "recall": 0.0,
            "f1": 0
        },
        "QGPR": {
            "precision": 0.0,
            "recall": 0,
            "f1": 0
        },
        "XNUC": {
            "precision": 0.0,
            "recall": 0,
            "f1": 0
        },
        "GP": {
            "precision": 0.0,
            "recall": 0,
            "f1": 0
        },
        "LCS": {
            "precision": 0.0,
            "recall": 0,
            "f1": 0
        },
        "CSINTER": {
            "precision": 0,
            "recall": 0.0,
            "f1": 0
        },
        "GPD": {
            "precision": 0,
            "recall": 0.0,
            "f1": 0
        },
        "GDT": {
            "precision": 0.0,
            "recall": 0.0,
            "f1": 0
        },
        "XNPR": {
            "precision": 0.0,
            "recall": 0,
            "f1": 0
        },
        "LSN": {
            "precision": 0.0,
            "recall": 0.0,
            "f1": 0
        },
        "LSV": {
            "precision": 0.0,
            "recall": 0.0,
            "f1": 0
        },
        "QR": {
            "precision": 0,
            "recall": 0.0,
            "f1": 0
        },
        "XPRCO": {
            "precision": 0,
            "recall": 0.0,
            "f1": 0
        },
        "LWCO": {
            "precision": 0.0,
            "recall": 0.0,
            "f1": 0
        },
        "GWC": {
            "precision": 0.0,
            "recall": 0.0,
            "f1": 0
        },
        "LP": {
            "precision": 0.0,
            "recall": 0.0,
            "f1": 0
        },
        "QC": {
            "precision": 0.0,
            "recall": 0.0,
            "f1": 0
        },
        "GPI": {
            "precision": 0.0,
            "recall": 0,
            "f1": 0
        },
        "XADJCO": {
            "precision": 0.0,
            "recall": 0,
            "f1": 0
        },
        "Z": {
            "precision": 0.0,
            "recall": 0.0,
            "f1": 0
        },
        "GVM": {
            "precision": 0.0,
            "recall": 0.0,
            "f1": 0
        }
    },
    "epoch": 2
}