{
    "micro_precision": 0.4105263157894737,
    "micro_recall": 0.3952702702702703,
    "micro_f1": 0.4027538726333907,
    "macro_precision": 0.1150177096882323,
    "macro_recall": 0.08968243150079357,
    "macro_f1": 0.08559282811473048,
    "per_tag_metrics": {
        "DMCC": {
            "precision": 0.8446601941747572,
            "recall": 0.8613861386138614,
            "f1": 0.8529411764705882
        },
        "CSINTRA": {
            "precision": 0.5,
            "recall": 0.4,
            "f1": 0.4444444444444445
        },
        "FS": {
            "precision": 0.4230769230769231,
            "recall": 0.3235294117647059,
            "f1": 0.3666666666666667
        },
        "QM": {
            "precision": 0.5,
            "recall": 0.2857142857142857,
            "f1": 0.36363636363636365
        },
        "GVT": {
            "precision": 0.2857142857142857,
            "recall": 0.3333333333333333,
            "f1": 0.30769230769230765
        },
        "GVAUX": {
            "precision": 0.2,
            "recall": 0.5,
            "f1": 0.28571428571428575
        },
        "GPP": {
            "precision": 0.42857142857142855,
            "recall": 0.2,
            "f1": 0.27272727272727276
        },
        "WM": {
            "precision": 0.6666666666666666,
            "recall": 0.16666666666666666,
            "f1": 0.26666666666666666
        },
        "GNC": {
            "precision": 0.2,
            "recall": 0.3333333333333333,
            "f1": 0.25
        },
        "GPR": {
            "precision": 0.14285714285714285,
            "recall": 0.5,
            "f1": 0.22222222222222224
        },
        "GVN": {
            "precision": 1.0,
            "recall": 0.1,
            "f1": 0.18181818181818182
        },
        "GA": {
            "precision": 0.14285714285714285,
            "recall": 0.1111111111111111,
            "f1": 0.125
        },
        "LSPR": {
            "precision": 0.07142857142857142,
            "recall": 0.1,
            "f1": 0.08333333333333333
        },
        "QC": {
            "precision": 0,
            "recall": 0.0,
            "f1": 0
        },
        "GADVO": {
            "precision": 0,
            "recall": 0.0,
            "f1": 0
        },
        "LP": {
            "precision": 0.0,
            "recall": 0.0,
            "f1": 0
        },
        "LSADJ": {
            "precision": 0.0,
            "recall": 0.0,
            "f1": 0
        },
        "QR": {
            "precision": 0.0,
            "recall": 0.0,
            "f1": 0
        },
        "LWCO": {
            "precision": 0.0,
            "recall": 0.0,
            "f1": 0
        },
        "LCLC": {
            "precision": 0,
            "recall": 0.0,
            "f1": 0
        },
        "LSADV": {
            "precision": 0.0,
            "recall": 0.0,
            "f1": 0
        },
        "DMCA": {
            "precision": 0.0,
            "recall": 0.0,
            "f1": 0
        },
        "QL": {
            "precision": 0,
            "recall": 0.0,
            "f1": 0
        },
        "WO": {
            "precision": 0.0,
            "recall": 0.0,
            "f1": 0
        },
        "XVCO": {
            "precision": 0.0,
            "recall": 0.0,
            "f1": 0
        },
        "XPRCO": {
            "precision": 0,
            "recall": 0.0,
            "f1": 0
        },
        "LSN": {
            "precision": 0.0,
            "recall": 0.0,
            "f1": 0
        },
        "GDO": {
            "precision": 0.0,
            "recall": 0,
            "f1": 0
        },
        "GPI": {
            "precision": 0.0,
            "recall": 0,
            "f1": 0
        },
        "LSV": {
            "precision": 0.0,
            "recall": 0.0,
            "f1": 0
        },
        "GADJCS": {
            "precision": 0.0,
            "recall": 0.0,
            "f1": 0
        },
        "WR": {
            "precision": 0.0,
            "recall": 0.0,
            "f1": 0
        },
        "XADJPR": {
            "precision": 0.0,
            "recall": 0,
            "f1": 0
        },
        "GNN": {
            "precision": 0.0,
            "recall": 0.0,
            "f1": 0
        },
        "XNUC": {
            "precision": 0.0,
            "recall": 0,
            "f1": 0
        },
        "GDI": {
            "precision": 0,
            "recall": 0.0,
            "f1": 0
        },
        "Z": {
            "precision": 0.0,
            "recall": 0.0,
            "f1": 0
        },
        "GVM": {
            "precision": 0.0,
            "recall": 0.0,
            "f1": 0
        },
        "GWC": {
            "precision": 0.0,
            "recall": 0.0,
            "f1": 0
        },
        "I'M": {
            "precision": 0.0,
            "recall": 0,
            "f1": 0
        },
        "LCC": {
            "precision": 0.0,
            "recall": 0,
            "f1": 0
        },
        "GPD": {
            "precision": 0,
            "recall": 0.0,
            "f1": 0
        },
        "GVNF": {
            "precision": 0.0,
            "recall": 0.0,
            "f1": 0
        },
        "XVPR": {
            "precision": 0.0,
            "recall": 0.0,
            "f1": 0
        },
        "GDT": {
            "precision": 0,
            "recall": 0.0,
            "f1": 0
        },
        "XADVPR": {
            "precision": 0,
            "recall": 0.0,
            "f1": 0
        },
        "CSINTER": {
            "precision": 0.0,
            "recall": 0.0,
            "f1": 0
        }
    },
    "epoch": 1
}